id,primeiro_autor,autores,ano,titulo,revista,doi_url,desenho,medida,n,n_nota,achado,efeito,ic95,replicacao,status,validada_em,nota
1,Gallup,"Gallup — American Job Quality Study, 2025 (N=18.429)",2025,,,,,,18429,,,,,,publicada,2025-06-14,carga inicial: linha extraída do bloco Fontes do notebook; conferir campos
2,Gallup,"Gallup — American Job Quality Study, 2025",2025,,,,,,,,,,,,publicada,2025-06-14,carga inicial: linha extraída do bloco Fontes do notebook; conferir campos
3,Enterprise,"Enterprise Apps Today, 2023 — Career Change Statistics N=profissionais globais · 33% dos 40+ mudam de carreira | OECD — Organization for Economic Co-operation and Development N=longitudinal · 62% ainda empregados aos 60 após mudança entre 45-54",2023,,,,,,,,,,,,publicada,2026-06-17,carga inicial: linha extraída do bloco Fontes do notebook; conferir campos
4,Liu,"Liu et al., 2024 — Dare to be yourself: courage promotes self-authenticity Journal of Positive Psychology · N=3.868",2024,,,,,,3868,,,,,,publicada,2026-06-17,carga inicial: linha extraída do bloco Fontes do notebook; conferir campos
5,Kahneman,"Kahneman & Deaton, 2010 — High income improves evaluation of life but not emotional well-being — N=450.000",2010,,,,,,450000,,,,,,publicada,2026-06-18,carga inicial: linha extraída do bloco Fontes do notebook; conferir campos
6,Killingsworth,"Killingsworth, 2021 — Experienced well-being rises with income, even above $75.000 — N=33.391",2021,,,,,,33391,,,,,,publicada,2026-06-18,carga inicial: linha extraída do bloco Fontes do notebook; conferir campos
7,Killingsworth,"Killingsworth, Kahneman & Mellers, 2023 — Income and emotional well-being: A conflict resolved — N=33.391",2023,,,,,,33391,,,,,,publicada,2026-06-18,carga inicial: linha extraída do bloco Fontes do notebook; conferir campos
8,Barrick,"Barrick & Mount (1991) — The Big Five personality dimensions and job performance — Journal of Applied Psychology — N=23.994 (meta-análise, 117 estudos)",1991,,,,,,23994,,,,,,publicada,2026-06-19,carga inicial: linha extraída do bloco Fontes do notebook; conferir campos
9,Poropat,"Poropat (2009) — A meta-analysis of the Big Five and academic performance — Psychological Bulletin — N=70.926 (meta-análise, 138 estudos)",2009,,,,,,70926,,,,,,publicada,2026-06-19,carga inicial: linha extraída do bloco Fontes do notebook; conferir campos
10,Strickhouser,Strickhouser et al. (2017) — Big Five traits and health outcomes — metassíntese — N>500.000,2017,,,,,,,,,,,,publicada,2026-06-19,carga inicial: linha extraída do bloco Fontes do notebook; conferir campos
11,Killingsworth,"Killingsworth, M.A. & Gilbert, D.T. (2010) — A Wandering Mind Is an Unhappy Mind — Science, 330(6006) — N=15.000",2010,,,,,,15000,,,,,,publicada,2026-06-20,carga inicial: linha extraída do bloco Fontes do notebook; conferir campos
12,Zanesco,Zanesco et al. (2019) — Mind-wandering and alterations to default mode network connectivity — NeuroImage — N=2.400,2019,,,,,,2400,,,,,,publicada,2026-06-20,carga inicial: linha extraída do bloco Fontes do notebook; conferir campos
13,Polderman,"Polderman et al. (2015) — Meta-analysis of the heritability of human traits — Nature Genetics — N=14,5 milhões de pares de gêmeos, 39 países",2015,,,,,,145,,,,,,publicada,2026-06-21,carga inicial: linha extraída do bloco Fontes do notebook; conferir campos
14,Plomin,Plomin et al. (2016) — Top 10 Replicated Findings From Behavioral Genetics — Perspectives on Psychological Science — N=11.000 pares de gêmeos,2016,,Top 10 Replicated Findings From Behavioral Genetics,,,,11000,,,,,,publicada,2026-06-21,carga inicial: linha extraída do bloco Fontes do notebook; conferir campos
15,Vukasović,Vukasović & Bratko (2015) — Heritability of personality: A meta-analysis — Psychological Bulletin — N>100.000,2015,,,,,,,,,,,,publicada,2026-06-21,carga inicial: linha extraída do bloco Fontes do notebook; conferir campos
16,Pencavel,"Pencavel, J. (2014) — The Productivity of Working Hours — Stanford University / IZA Discussion Paper N=dados longitudinais de fábrica WWI",2014,,,,,,,,,,,,publicada,2026-06-22,carga inicial: linha extraída do bloco Fontes do notebook; conferir campos
17,PNAD Contínua,PNAD Contínua (2023) — IBGE — N>200.000 trabalhadores brasileiros,2023,,,,,,,,,,,,publicada,2026-06-22,carga inicial: linha extraída do bloco Fontes do notebook; conferir campos
18,Melbourne,Melbourne Institute (2016) — Working Hours and Cognitive Function — N=6.000 trabalhadores australianos (+40 anos),2016,,,,,,6000,,,,,,publicada,2026-06-22,carga inicial: linha extraída do bloco Fontes do notebook; conferir campos
19,Wu,"Wu, X. et al. (2019) — The prevalence of moderate-to-high posttraumatic growth: A systematic review and meta-analysis — Journal of Affective Disorders — meta-análise de 26 estudos, prevalência variando de 10% a 77,3% entre estudos individuais",2019,,,,,,,,,,,,publicada,2026-06-23,carga inicial: linha extraída do bloco Fontes do notebook; conferir campos
20,Qasim,"Qasim, K. & Carson, J. (2020) — Does Post-Traumatic Growth Follow Parental Death in Adulthood? — Omega: Journal of Death and Dying — N=100 adultos enlutados (Paquistão e Inglaterra), perda de pai/mãe na vida adulta",2020,,,,,,100,,,,,,publicada,2026-06-23,carga inicial: linha extraída do bloco Fontes do notebook; conferir campos
21,Tedeschi,"Tedeschi, R.G. & Calhoun, L.G. (1996) — The Posttraumatic Growth Inventory — Journal of Traumatic Stress",1996,,,,,,,,,,,,publicada,2026-06-23,carga inicial: linha extraída do bloco Fontes do notebook; conferir campos
22,Madigan,"Madigan, S. et al. (2023) — Attachment styles and romantic relationship outcomes — Psychological Bulletin, 149(1-2) — duração média de relacionamentos por estilo de apego",2023,,,,,,,,,,,,publicada,2026-06-24,carga inicial: linha extraída do bloco Fontes do notebook; conferir campos
23,Gallup,"Gallup (2026) — State of the Global Workplace: 2026 Report — dados coletados entre janeiro e dezembro de 2025 — N=263.810 respondentes globais (141.444 empregados), 160 países",2026,,,,,,263810,,,,,,publicada,2026-06-25,carga inicial: linha extraída do bloco Fontes do notebook; conferir campos
24,Baird,"Baird, B., Smallwood, J., Mrazek, M.D., Kam, J.W.Y., Franklin, M.S. & Schooler, J.W. (2012) — Inspired by Distraction: Mind Wandering Facilitates Creative Incubation — Psychological Science, 23(10) — N=145 participantes",2012,,,,,,145,,,,,,publicada,2026-06-26,carga inicial: linha extraída do bloco Fontes do notebook; conferir campos
25,Amato,"Amato, P.R. & Gilbreth, J.G. (1999) — Nonresident fathers and children's well-being: A meta-analysis — Journal of Marriage and Family, 61(3) — 63 estudos consolidados",1999,,,,,,,,,,,,publicada,2026-06-27,carga inicial: linha extraída do bloco Fontes do notebook; conferir campos
26,Adamsons,"Adamsons, K. & Johnson, S.K. (2013) — An updated and expanded meta-analysis of nonresident fathering and child well-being — Journal of Family Psychology, 27(4) — 52 estudos consolidados",2013,,,,,,,,,,,,publicada,2026-06-27,carga inicial: linha extraída do bloco Fontes do notebook; conferir campos
27,Fowler,"Fowler, J.H. & Christakis, N.A. (2008) — Dynamic Spread of Happiness in a Large Social Network: Longitudinal Analysis Over 20 Years in the Framingham Heart Study — British Medical Journal, 337:a2338 — N=4.739",2008,,,,,,4739,,,,,,publicada,2026-06-28,carga inicial: linha extraída do bloco Fontes do notebook; conferir campos
28,OECD,"OECD (2024) — Promoting Better Career Choices for Longer Working Lives — dados de mercado de trabalho de 17 países, 2010-2020",2024,,,,,,,,,,,,publicada,2026-06-29,carga inicial: linha extraída do bloco Fontes do notebook; conferir campos
29,Bureau,U.S. Bureau of Labor Statistics (2018) — dados de rotatividade de emprego por faixa etária (dado complementar),2018,,,,,,,,,,,,publicada,2026-06-29,carga inicial: linha extraída do bloco Fontes do notebook; conferir campos
30,Herman,"Herman, C.P. & Polivy, J. (1984) — A Boundary Model for the Regulation of Eating — conceito original do ""what the hell effect""",1984,,,,,,,,,,,,publicada,2026-06-30,carga inicial: linha extraída do bloco Fontes do notebook; conferir campos
31,Polivy,"Polivy, J. & Herman, C.P. (1985) — Dieting and bingeing: A causal analysis — American Psychologist, 40(2), 193-201",1985,,,,,,,,,,,,publicada,2026-06-30,carga inicial: linha extraída do bloco Fontes do notebook; conferir campos
32,Revisão,"Revisão sistemática (2024) — When and Why Adults Abandon Lifestyle Behavior and Mental Health Mobile Apps — Journal of Medical Internet Research — 18 estudos, N=525.824 participantes",2024,,,,,,525824,,,,,,publicada,2026-06-30,carga inicial: linha extraída do bloco Fontes do notebook; conferir campos
33,Romundstad,"Romundstad, S., Svebak, S., Holen, A. & Holmen, J. (2016) — A 15-Year Follow-Up Study of Sense of Humor and Causes of Mortality: The Nord-Trøndelag Health Study — Psychosomatic Medicine, 78(3) — N=53.556",2016,,,,,,53556,,,,,,publicada,2026-07-01,carga inicial: linha extraída do bloco Fontes do notebook; conferir campos
34,Svebak,"Svebak, S., Romundstad, S. & Holmen, J. (2010) — A 7-Year Prospective Study of Sense of Humor and Mortality in an Adult County Population: The HUNT-2 Study — International Journal of Psychiatry in Medicine, 40(2) — N=66.140 participantes (item cognitivo do SHQ avaliado em N=53.546)",2010,,,,,,66140,,,,,,publicada,2026-07-01,carga inicial: linha extraída do bloco Fontes do notebook; conferir campos
35,Alicke,"Alicke, M.D., Braun, J.C., Glor, J.E., Klotz, M.L., Magee, J., Sederholm, H. & Siegel, R. (1992) — Complaining Behavior in Social Interaction — Personality and Social Psychology Bulletin, 18(3), 286-295",1992,,Complaining Behavior in Social Interaction,,,,,,,,,,publicada,2026-07-02,carga inicial: linha extraída do bloco Fontes do notebook; conferir campos
36,Rubinstein,"Rubinstein, J.S., Meyer, D.E. & Evans, J.E. (2001) — Executive Control of Cognitive Processes in Task Switching — Journal of Experimental Psychology: Human Perception and Performance, 27(4), 763-797 (base conceitual, sem dado quantitativo usado no modelo abaixo)",2001,,,,,,,,,,,,publicada,2026-07-03,carga inicial: linha extraída do bloco Fontes do notebook; conferir campos
37,Mark,"Mark, G., Gudith, D. & Klocke, U. (2008) — The Cost of Interrupted Work: More Speed and Stress — CHI '08: Proceedings of the SIGCHI Conference on Human Factors in Computing Systems, 107-110 — N=48",2008,,,,,,48,,,,,,publicada,2026-07-03,carga inicial: linha extraída do bloco Fontes do notebook; conferir campos
38,David,"David Meyer, citado pela American Psychological Association (apa.org/topics/research/multitasking) e em entrevista (Anderson, 2001) — estimativa verbal de 20% a 40% de perda de tempo produtivo, sem N nem estudo controlado por trás",2001,,,,,,,,,,,,publicada,2026-07-03,carga inicial: linha extraída do bloco Fontes do notebook; conferir campos
39,Iyengar,"Iyengar, S.S. & Lepper, M.R. (2000) — When Choice Is Demotivating: Can One Desire Too Much of a Good Thing? — Journal of Personality and Social Psychology, 79(6), 995-1006 — N=754 (compradores observados), Estudo 1 (geleias); 3 estudos no total (geleias, chocolates, redações)",2000,,,,,,754,,,,,,publicada,2026-07-04,carga inicial: linha extraída do bloco Fontes do notebook; conferir campos
40,Scheibehenne,"Scheibehenne, B., Greifeneder, R. & Todd, P.M. (2010) — Can There Ever Be Too Many Options? A Meta-Analytic Review of Choice Overload — Journal of Consumer Research, 37(3), 409-425 — 50 estudos, N=5.036",2010,,Can There Ever Be Too Many Options? A Meta-Analytic Review of Choice Overload,,,,5036,,,,,,publicada,2026-07-04,carga inicial: linha extraída do bloco Fontes do notebook; conferir campos
41,Chernev,"Chernev, A., Böckenholt, U. & Goodman, J. (2015) — Choice Overload: A Conceptual Review and Meta-Analysis — Journal of Consumer Psychology, 25(2), 333-358",2015,,Choice Overload: A Conceptual Review and Meta-Analysis,,,,,,,,,,publicada,2026-07-04,carga inicial: linha extraída do bloco Fontes do notebook; conferir campos
42,Nielsen,Nielsen (2019) — Total Audience Report — levantamento de mercado sobre comportamento de usuários de streaming (não é estudo peer-reviewed),2019,,,,,,,,,,,,publicada,2026-07-04,carga inicial: linha extraída do bloco Fontes do notebook; conferir campos
43,Prezzo,"Prezzo / UK (2023) — levantamento com N=2.000 sobre \""menu anxiety\"" em restaurantes (não é estudo peer-reviewed)",2023,,,,,,2000,,,,,,publicada,2026-07-04,carga inicial: linha extraída do bloco Fontes do notebook; conferir campos
44,OnePoll,OnePoll / USA (2023) — levantamento com N=2.000 sobre ansiedade diante de cardápios (não é estudo peer-reviewed),2023,,,,,,2000,,,,,,publicada,2026-07-04,carga inicial: linha extraída do bloco Fontes do notebook; conferir campos
45,Kim,"Kim, H. & Choi, J. (2024) — conceito de \""Netflix syndrome\"" — Asian Journal for Public Opinion Research",2024,,,,,,,,,,,,publicada,2026-07-04,carga inicial: linha extraída do bloco Fontes do notebook; conferir campos
46,Ersner-Hershfield,"Ersner-Hershfield, H., Wimmer, G.E. & Knutson, B. (2009) — Saving for the future self: Neural measures of future self-continuity predict temporal discounting — Social Cognitive and Affective Neuroscience, 4(1), 85-92 — estudo de fMRI",2009,,,,,,,,,,,,publicada,2026-07-05,carga inicial: linha extraída do bloco Fontes do notebook; conferir campos
47,Ersner-Hershfield,"Ersner-Hershfield, H., Garton, M.T., Ballard, K., Samanez-Larkin, G.R. & Knutson, B. (2009) — Don't stop thinking about tomorrow: Individual differences in future self-continuity account for saving — Judgment and Decision Making, 4(4), 280-286 — 3 experimentos",2009,,,,,,,,,,,,publicada,2026-07-05,carga inicial: linha extraída do bloco Fontes do notebook; conferir campos
48,Hershfield,"Hershfield, H.E., Goldstein, D.G., Sharpe, W.F., Fox, J., Yeykelis, L., Carstensen, L.L. & Bailenson, J.N. (2011) — Increasing saving behavior through age-progressed renderings of the future self — Journal of Marketing Research, 48(SPL), S23-S37 — 4 estudos experimentais",2011,,,,,,,,,,,,publicada,2026-07-05,carga inicial: linha extraída do bloco Fontes do notebook; conferir campos
49,Frey,"Frey, C.B. & Osborne, M.A. (2017) — The Future of Employment: How Susceptible Are Jobs to Computerisation? — Technological Forecasting and Social Change, 114, 254-280 — 702 ocupações analisadas",2017,,,,,,,,,,,,publicada,2026-07-06,carga inicial: linha extraída do bloco Fontes do notebook; conferir campos
50,Arntz,"Arntz, M., Gregory, T. & Zierahn, U. (2016) — The Risk of Automation for Jobs in OECD Countries — OECD Social, Employment and Migration Working Papers, No. 189 — abordagem por tarefas, 21 países",2016,,,,,,,,,,,,publicada,2026-07-06,carga inicial: linha extraída do bloco Fontes do notebook; conferir campos
51,Briggs,"Briggs, J. & Kodnani, D. (2023) — The Potentially Large Effects of Artificial Intelligence on Economic Growth — Goldman Sachs Global Economics Analyst, 26 March 2023 — 900+ ocupações analisadas",2023,,,,,,,,,,,,publicada,2026-07-06,carga inicial: linha extraída do bloco Fontes do notebook; conferir campos
52,Briggs,"Briggs, J. & Dong, S. (2025) — Goldman Sachs follow-up — impacto no mercado de trabalho ainda negligível",2025,,,,,,,,,,,,publicada,2026-07-06,carga inicial: linha extraída do bloco Fontes do notebook; conferir campos
53,Dunbar,"Dunbar, R.I.M. (1992) — Neocortex size as a constraint on group size in primates — Journal of Human Evolution, 22(6), 469-493 (base teórica)",1992,,,,,,,,,,,,publicada,2026-07-07,carga inicial: linha extraída do bloco Fontes do notebook; conferir campos
54,Dunbar,"Dunbar, R.I.M. (1998) — The social brain hypothesis — Evolutionary Anthropology, 6(5), 178-190",1998,,,,,,,,,,,,publicada,2026-07-07,carga inicial: linha extraída do bloco Fontes do notebook; conferir campos
55,Zhou,"Zhou, W.X., Sornette, D., Hill, R.A. & Dunbar, R.I.M. (2005) — Discrete hierarchical organization of social group sizes — Proceedings of the Royal Society B, 272, 439-444 (confirmação empírica das camadas 5/15/50/150)",2005,,,,,,,,,,,,publicada,2026-07-07,carga inicial: linha extraída do bloco Fontes do notebook; conferir campos
56,Wrzus,"Wrzus, C., Hänel, M., Wagner, J. & Neyer, F.J. (2013) — Social network changes and life events across the life span: A meta-analysis — Psychological Bulletin, 139(1), 53-80 — 277 estudos",2013,,,,,,,,,,,,publicada,2026-07-07,carga inicial: linha extraída do bloco Fontes do notebook; conferir campos
57,Revisão,Revisão sistemática BMC Public Health (2022) — Association between friendship quality and subjective wellbeing among adolescents — 43 estudos selecionados de 21.585 registros,2022,,,,,,,,,,,,publicada,2026-07-07,carga inicial: linha extraída do bloco Fontes do notebook; conferir campos
58,Whillans,"Whillans, A.V., Dunn, E.W., Smeets, P., Bekkers, R. & Norton, M.I. (2017) — Buying time promotes happiness — Proceedings of the National Academy of Sciences, 114(32), 8523-8527 | Estudo observacional: N=6.271 (EUA, Canadá, Dinamarca, Holanda) | Experimento de campo: N=60 (adultos trabalhadores, $40 em 2 fins de semana consecutivos)",2017,,,,,,,,,,,,publicada,2026-07-08,carga inicial: linha extraída do bloco Fontes do notebook; conferir campos
59,Whillans,"Whillans, A.V., Weidman, A.C. & Dunn, E.W. (2016) — Valuing time over money is associated with greater happiness — Social Psychological and Personality Science, 7(3), 213-222",2016,,,,,,,,,,,,publicada,2026-07-08,carga inicial: linha extraída do bloco Fontes do notebook; conferir campos
60,Restorff,"Von Restorff, H. (1933) — ""Über die Wirkung von Bereichsbildung im Spurenfeld"", Psychologische Forschung, 18, 299-342 — efeito de distinção/isolamento, replicado inúmeras vezes desde então",1933,,,,,,,,,,,,publicada,2026-07-09,carga inicial: linha extraída do bloco Fontes do notebook; conferir campos
61,Bunzeck,"Bunzeck, N. & Düzel, E. (2006) — ""Absolute coding of stimulus novelty in the human substantia nigra/VTA"", Neuron, 51(3), 369-379",2006,,,,,,,,,,,,publicada,2026-07-09,carga inicial: linha extraída do bloco Fontes do notebook; conferir campos
62,Chowdhury,"Chowdhury, R., Guitart-Masip, M., Bunzeck, N., Dolan, R. J., & Düzel, E. (2012) — ""Dopamine modulates episodic memory persistence in old age"", Journal of Neuroscience, 32(41), 14193-14204",2012,,,,,,,,,,,,publicada,2026-07-09,carga inicial: linha extraída do bloco Fontes do notebook; conferir campos
63,Kruger,"Kruger, J. & Dunning, D. (1999) — ""Unskilled and Unaware of It: How Difficulties in Recognizing One's Own Incompetence Lead to Inflated Self-Assessments"", Journal of Personality and Social Psychology, 77(6), 1121-1134 — 4 estudos, tarefas de raciocínio lógico, gramática e humor",1999,,,,,,,,,,,,publicada,2026-07-10,carga inicial: linha extraída do bloco Fontes do notebook; conferir campos
64,Krueger,"Krueger, J. & Mueller, R. A. (2002) — crítica metodológica (regressão à média + efeito melhor-que-a-média), JPSP 82(2), 180-188",2002,,,,,,,,,,,,publicada,2026-07-10,carga inicial: linha extraída do bloco Fontes do notebook; conferir campos
65,Nuhfer,Nuhfer et al. (2016) — reanálise apontando artefato estatístico no formato clássico do gráfico,2016,,,,,,,,,,,,publicada,2026-07-10,carga inicial: linha extraída do bloco Fontes do notebook; conferir campos
66,Emmons,"Emmons, R. A. & McCullough, M. E. (2003) — ""Counting Blessings Versus Burdens: An Experimental Investigation of Gratitude and Subjective Well-Being in Daily Life"", Journal of Personality and Social Psychology, 84(2), 377-389 | Estudo 1: registro semanal, N=192 (universitários) | Estudo 2: registro diário, N=157 (universitários) | Estudo 3: registro diário por 21 dias, N=65 (adultos com doença neur",2003,,,,,,,,,,,,publicada,2026-07-11,carga inicial: linha extraída do bloco Fontes do notebook; conferir campos
67,Froh,"Froh, J. J. et al. (2008) — replicação com adolescentes, Journal of School Psychology, 46, 213-233",2008,,,,,,,,,,,,publicada,2026-07-11,carga inicial: linha extraída do bloco Fontes do notebook; conferir campos
68,Gilbert,"Gilbert, D. T., Pinel, E. C., Wilson, T. D., Blumberg, S. J. & Wheatley, T. P. (1998) — ""Immune Neglect: A Source of Durability Bias in Affective Forecasting"", Journal of Personality and Social Psychology, 75(3), 617-638",1998,,,,,,,,,,,,publicada,2026-07-11,carga inicial: linha extraída do bloco Fontes do notebook; conferir campos
69,Wilson,"Wilson, T. D. & Gilbert, D. T. (2005) — ""Affective Forecasting: Knowing What to Want"", Current Directions in Psychological Science, 14(3), 131-134 | Sobre o Paradoxo da Região Beta: Gilbert et al. (2004) — a recuperação de dores mais intensas pode ser mais rápida do que a de incômodos menores, porque a intensidade aciona os mecanismos de enfrentamento",2005,,,,,,,,,,,,publicada,2026-07-11,carga inicial: linha extraída do bloco Fontes do notebook; conferir campos
70,LaFreniere,"LaFreniere, L. S. & Newman, M. G. (2020) — ""Exposing Worry's Deceit: Percentage of Untrue Worries in Generalized Anxiety Disorder Treatment"", Behavior Therapy, 51(3), 413-423 — N=29, registro prospectivo (EMA), 10 dias de coleta + 30 de acompanhamento",2020,,,,,,29,,,,,,publicada,2026-07-13,carga inicial: linha extraída do bloco Fontes do notebook; conferir campos
71,Reiss,"Reiss, N., Warnecke, I., Tolgou, T. et al. (2019) — Frontiers in Psychology — N=630, população geral, relação entre propensão à preocupação e superestimação de risco negativo",2019,,,,,,630,,,,,,publicada,2026-07-13,carga inicial: linha extraída do bloco Fontes do notebook; conferir campos
72,Norcross,"Norcross, J. C., Mrykalo, M. S. & Blagys, M. D. (2002) — ""Auld Lang Syne: Success predictors, change processes, and self-reported outcomes of New Year's resolvers and nonresolvers."" Journal of Clinical Psychology, 58(4), 397-405 — N=200, coorte prospectiva, 2 anos de acompanhamento",2002,,Journal of Clinical Psychology,,,,200,,,,,,publicada,2026-07-14,carga inicial: linha extraída do bloco Fontes do notebook; conferir campos
73,Oscarsson,"Oscarsson, M., Carlbring, P., Andersson, G. & Rozental, A. (2020) — ""A large-scale experiment on New Year's resolutions: Approach-oriented goals are more successful than avoidance-oriented goals."" PLoS ONE 15(12):e0234097 — N=1.066, coorte sueca, 1 ano de acompanhamento",2020,,,,,,1066,,,,,,publicada,2026-07-14,carga inicial: linha extraída do bloco Fontes do notebook; conferir campos
74,Lally,"Lally, P., van Jaarsveld, C. H. M., Potts, H. W. W. & Wardle, J. (2010) — ""How are habits formed: Modelling habit formation in the real world."" European Journal of Social Psychology, 40(6), 998-1009 — sobre tempo médio de formação de hábitos",2010,,European Journal of Social Psychology,,,,,,,,,,queimada,2026-07-14,carga inicial: linha extraída do bloco Fontes do notebook; conferir campos
75,Bavishi,"Bavishi, A., Slade, M. D. & Levy, B. R. (2016) — ""A chapter a day: Association of book reading with longevity"", Social Science & Medicine, 164, 44-48 — N=3.635, coorte prospectiva do Health and Retirement Study, 12 anos de acompanhamento, análise Cox proportional hazards com ajuste completo (idade, sexo, raça, escolaridade, comorbidades, saúde autorreferida, riqueza, estado civil, depressão)",2016,,Social Science & Medicine,,,,3635,,,,,,publicada,2026-07-15,carga inicial: linha extraída do bloco Fontes do notebook; conferir campos
76,Bygren,"Bygren, Konlaan & Johansson (1996) — BMJ — pioneiro sueco sobre atividades culturais e sobrevida",1996,,,,,,,,,,,,publicada,2026-07-15,carga inicial: linha extraída do bloco Fontes do notebook; conferir campos
77,Chang,"Chang, Wu & Hsiung (2021) — leitura frequente reduz risco de declínio cognitivo em idosos, com dose-resposta",2021,,,,,,,,,,,,publicada,2026-07-15,carga inicial: linha extraída do bloco Fontes do notebook; conferir campos
78,Bygren,"Bygren, Konlaan & Johansson (1996) — BMJ — pioneiro sueco sobre atividades culturais e sobrevida",1996,,,,,,,,,,,,publicada,2026-07-15,carga inicial: linha extraída do bloco Fontes do notebook; conferir campos
79,Chang,"Chang, Wu & Hsiung (2021) — leitura frequente reduz risco de declínio cognitivo em idosos, com dose-resposta",2021,,,,,,,,,,,,publicada,2026-07-15,carga inicial: linha extraída do bloco Fontes do notebook; conferir campos
80,McEwen,"McEwen, B. S. (1998) — ""Protective and Damaging Effects of Stress Mediators"", New England Journal of Medicine, 338(3), 171-179 — o artigo que formaliza o conceito de carga alostática",1998,,,,,,,,,,,,publicada,2026-07-16,carga inicial: linha extraída do bloco Fontes do notebook; conferir campos
81,McEwen,"McEwen, B. S. & Stellar, E. (1993) — ""Stress and the Individual: Mechanisms Leading to Disease"", Archives of Internal Medicine, 153(18), 2093-2101",1993,,,,,,,,,,,,publicada,2026-07-16,carga inicial: linha extraída do bloco Fontes do notebook; conferir campos
82,Seeman,"Seeman, T. E., McEwen, B. S., Rowe, J. W. & Singer, B. H. (2001) — ""Allostatic load as a marker of cumulative biological risk: MacArthur studies of successful aging"", PNAS, 98(8), 4770-4775 — N=1.189, homens e mulheres de 70 a 79 anos, índice de 10 parâmetros biológicos, acompanhamento de 7 anos",2001,,,,,,1189,,,,,,publicada,2026-07-16,carga inicial: linha extraída do bloco Fontes do notebook; conferir campos
83,Karlamangla,"Karlamangla, A. S., Singer, B. H., McEwen, B. S., Rowe, J. W. & Seeman, T. E. (2002) — ""Allostatic load as a predictor of functional decline"", Journal of Clinical Epidemiology, 55, 696-710",2002,,,,,,,,,,,,publicada,2026-07-16,carga inicial: linha extraída do bloco Fontes do notebook; conferir campos
84,Juster,"Juster, R. P., McEwen, B. S. & Lupien, S. J. (2010) — ""Allostatic load biomarkers of chronic stress and impact on health and cognition"", Neuroscience & Biobehavioral Reviews, 35(1), 2-16",2010,,,,,,,,,,,,publicada,2026-07-16,carga inicial: linha extraída do bloco Fontes do notebook; conferir campos
85,Chekroud,"Chekroud, S. R., Gueorguieva, R., Zheutlin, A. B., Paulus, M., Krumholz, H. M., Krystal, J. H. & Chekroud, A. M. (2018) — ""Association between physical exercise and mental health in 1·2 million individuals in the USA between 2011 and 2015: a cross-sectional study"", The Lancet Psychiatry, 5(9), 739-746 — N=1.237.194 adultos, dados BRFSS 2011/2013/2015",2018,,,,,,1237194,,,,,,publicada,2026-07-17,carga inicial: linha extraída do bloco Fontes do notebook; conferir campos
86,Reed,"Reed, J. & Ones, D. S. (2006) — ""The effect of acute aerobic exercise on positive activated affect: A meta-analysis"", Psychology of Sport and Exercise, 7(5), 477-514 — meta-análise clássica sobre efeitos agudos",2006,,Psychology of Sport and Exercise,,,,,,,,,,publicada,2026-07-17,carga inicial: linha extraída do bloco Fontes do notebook; conferir campos
87,Chan,"Chan, J. S. Y., Liu, G., Liang, D., Deng, K., Wu, J. & Yan, J. H. (2019) — meta-análise sobre efeitos agudos de curta duração no humor",2019,,,,,,,,,,,,publicada,2026-07-17,carga inicial: linha extraída do bloco Fontes do notebook; conferir campos
88,Reed,"Reed, J. & Ones, D. S. (2006) — ""The effect of acute aerobic exercise on positive activated affect: A meta-analysis"", Psychology of Sport and Exercise, 7(5), 477-514 — meta-análise clássica sobre efeitos agudos",2006,,Psychology of Sport and Exercise,,,,,,,,,,publicada,2026-07-17,carga inicial: linha extraída do bloco Fontes do notebook; conferir campos
89,Chan,"Chan, J. S. Y., Liu, G., Liang, D., Deng, K., Wu, J. & Yan, J. H. (2019) — meta-análise sobre efeitos agudos de curta duração no humor",2019,,,,,,,,,,,,publicada,2026-07-17,carga inicial: linha extraída do bloco Fontes do notebook; conferir campos
90,Kahneman,"Kahneman, D., Fredrickson, B. L., Schreiber, C. A. & Redelmeier, D. A. (1993) — ""When More Pain Is Preferred to Less: Adding a Better End."" Psychological Science, 4(6), 401-405 — o experimento cold pressor fundacional",1993,,Psychological Science,,,,,,,,,,publicada,2026-07-18,carga inicial: linha extraída do bloco Fontes do notebook; conferir campos
91,Redelmeier,"Redelmeier, D. A. & Kahneman, D. (1996) — ""Patients' memories of painful medical treatments: real-time and retrospective evaluations of two minimally invasive procedures."" Pain, 66(1), 3-8 — N=154 pacientes de colonoscopia, correlação retrospectiva com pico e fim ≈ 0,67",1996,,Pain,,,,154,,,,,,publicada,2026-07-18,carga inicial: linha extraída do bloco Fontes do notebook; conferir campos
92,Redelmeier,"Redelmeier, D. A., Katz, J. & Kahneman, D. (2003) — ""Memories of colonoscopy: a randomized trial."" Pain, 104(1-2), 187-194 — RCT causal, N=682",2003,,Pain,,,,682,,,,,,publicada,2026-07-18,carga inicial: linha extraída do bloco Fontes do notebook; conferir campos
93,Maltz,"Maltz, M. (1960) — Psycho-Cybernetics — Prentice-Hall — a origem observacional do ""21 dias"" que virou dogma",1960,,,,,,,,,,,,publicada,2026-07-19,carga inicial: linha extraída do bloco Fontes do notebook; conferir campos
94,Gardner,"Gardner, B., Lally, P. & Wardle, J. (2012) — ""Making health habitual: the psychology of habit-formation and general practice."" British Journal of General Practice, 62(605), 664-666 — revisão de aplicações clínicas",2012,,British Journal of General Practice,,,,,,,,,,publicada,2026-07-19,carga inicial: linha extraída do bloco Fontes do notebook; conferir campos
95,Maltz,"Maltz, M. (1960) — Psycho-Cybernetics — Prentice-Hall — a origem observacional do ""21 dias"" que virou dogma",1960,,,,,,,,,,,,publicada,2026-07-19,carga inicial: linha extraída do bloco Fontes do notebook; conferir campos
96,Gardner,"Gardner, B., Lally, P. & Wardle, J. (2012) — ""Making health habitual: the psychology of habit-formation and general practice."" British Journal of General Practice, 62(605), 664-666 — revisão de aplicações clínicas",2012,,British Journal of General Practice,,,,,,,,,,publicada,2026-07-19,carga inicial: linha extraída do bloco Fontes do notebook; conferir campos
97,Yoo,"Yoo, S.S., Gujar, N., Hu, P., Jolesz, F.A. & Walker, M.P. (2007) — The human emotional brain without sleep — a prefrontal amygdala disconnect — Current Biology, 17(20), R877-R878 — N=26 (13 privados de sono, 13 controle)",2007,,,,,,26,,,,,,publicada,2026-07-09,carga inicial: linha extraída do bloco Fontes do notebook; conferir campos
98,Walker,"Walker, M.P. (2017) — Why We Sleep: Unlocking the Power of Sleep and Dreams — Scribner (síntese das implicações dos dados de fMRI)",2017,,,,,,,,,,,,queimada,2026-07-09,carga inicial: linha extraída do bloco Fontes do notebook; conferir campos
99,Gilovich,"Gilovich, T., Medvec, V. H., & Savitsky, K. (2000). The Spotlight Effect in Social Judgment: An Egocentric Bias in Estimates of the Salience of One's Own Actions and Appearance. Journal of Personality and Social Psychology, 78(2), 211-222. N = 109 participantes no total. Estudo 1: 15 alvos, 64 observadores, 30 controles. Experimento com medida objetiva de reconhecimento.",2000,,Journal of Personality and Social Psychology,,,,109,,,,,,publicada,2026-07-22,carga inicial: linha extraída do bloco Fontes do notebook; conferir campos
100,Grove,"Grove, W. M., Zald, D. H., Lebow, B. S., Snitz, B. E., & Nelson, C. (2000). Clinical versus mechanical prediction: A meta-analysis. Psychological Assessment, 12(1), 19-30. N = 136 estudos comparando julgamento clinico contra previsao mecanica.",2000,,Psychological Assessment,,,,136,,,,,,publicada,2026-07-22,carga inicial: linha extraída do bloco Fontes do notebook; conferir campos
101,Kahneman,"Kahneman, D., & Klein, G. (2009). Conditions for Intuitive Expertise: A Failure to Disagree. American Psychologist, 64(6), 515-526. Artigo teorico. Entra como conceito, nao como fonte numerica.",2009,,American Psychologist,,,,,,,,,,publicada,2026-07-22,carga inicial: linha extraída do bloco Fontes do notebook; conferir campos
102,Epley,"Epley, N. & Schroeder, J. (2014). Mistakenly Seeking Solitude. Journal of Experimental Psychology: General, 143(5), 1980-1999. Experimento 1a: N=97 comutadores (Metra, Chicago) · Experimento 1b (previsão): N=66.",2014,,Journal of Experimental Psychology: General,,,,97,,,,,,publicada,2026-07-23,carga inicial: linha extraída do bloco Fontes do notebook; conferir campos
103,Quoidbach,"Quoidbach, J., Gilbert, D. T. & Wilson, T. D. (2013). The End of History Illusion. Science, 339(6115), 96-98. 6 estudos, N>19.000 (18-68 anos). Validação objetiva: coorte MIDUS, N=3.808.",2013,,Science,,,,3808,,,,,,publicada,2026-07-23,carga inicial: linha extraída do bloco Fontes do notebook; conferir campos
104,Wildschut,"Wildschut, T., Sedikides, C., Arndt, J. & Routledge, C. (2006). Nostalgia: Content, Triggers, Functions. Journal of Personality and Social Psychology, 91, 975-993. (7 estudos · frequência N amostra comunitária · experimento Estudo 5 N≈52)",2006,,Journal of Personality and Social Psychology,,,,52,,,,,,publicada,2026-07-25,carga inicial: linha extraída do bloco Fontes do notebook; conferir campos
105,Zhou,"Zhou, X., Wildschut, T., Sedikides, C., Chen, X. & Vingerhoets, A. (2012). Heartwarming Memories: Nostalgia Maintains Physiological Comfort. Emotion, 12(4), 678-684. (função homeostática · 5 estudos)",2012,,Emotion,,,,,,,,,,publicada,2026-07-25,carga inicial: linha extraída do bloco Fontes do notebook; conferir campos
106,Coyle,"Coyle et al., 1984 — Journal of Applied Physiology, 57(6), 1857-1864 N=7 atletas de endurance (treinados 10±3 anos) + 8 controles Queda do VO₂máx: 7% (dia 12-21), 14% (dia 56), 16% (dia 84)",1984,,Journal of Applied Physiology,,,,7,,,,,,publicada,2026-07-26,carga inicial: linha extraída do bloco Fontes do notebook; conferir campos
107,Ruby,"Ruby & Dunn et al., 2011 — Health Psychology · 4 estudos, N total=279 Prazer previsto do exercício: 7,58 · Prazer real experimentado: 8,42 (escala 0-10)",2011,,Health Psychology,,,,279,,,,,,publicada,2026-07-26,carga inicial: linha extraída do bloco Fontes do notebook; conferir campos
108,Steel,"Steel, P. (2007). The Nature of Procrastination. Psychological Bulletin, 133(1), 65-94. Meta-análise: 216 estudos, 691 correlações independentes.",2007,,Psychological Bulletin,,,,,,,,,,publicada,2026-07-27,carga inicial: linha extraída do bloco Fontes do notebook; conferir campos
109,Sirois,"Sirois, F. & Pychyl, T. (2013). Procrastination and the Priority of Short-Term Mood Regulation. Social and Personality Psychology Compass. (conceito)",2013,,Social and Personality Psychology Compass,,,,,,,,,,publicada,2026-07-27,carga inicial: linha extraída do bloco Fontes do notebook; conferir campos
110,Wohl,"Wohl, M., Pychyl, T. & Bennett, S. (2010). I forgive myself, now I can study. Personality and Individual Differences, 48, 803-808. N=119 calouros.",2010,,,,,,119,,,,,,publicada,2026-07-27,carga inicial: linha extraída do bloco Fontes do notebook; conferir campos
111,Gollwitzer,"Gollwitzer, P. & Sheeran, P. (2006). Implementation Intentions and Goal Achievement: A Meta-Analysis of Effects and Processes. Meta-análise: 94 estudos · d = 0,65 (médio-a-grande).",2006,,,,,,,,,,,,publicada,2026-07-28,carga inicial: linha extraída do bloco Fontes do notebook; conferir campos
112,Milne,"Milne, S., Orbell, S. & Sheeran, P. (2002). Combining motivational and volitional interventions to promote exercise participation. British Journal of Health Psychology · N=248. Exercício ao menos 1×/semana: controle e só-motivação 35-38%; grupo com plano se-então 91%.",2002,,British Journal of Health Psychology,,,,248,,,,,,publicada,2026-07-28,carga inicial: linha extraída do bloco Fontes do notebook; conferir campos
113,Grossmann,"Grossmann, I. & Kross, E. (2014). Exploring Solomon's Paradox: Self-Distancing Eliminates the Self-Other Asymmetry in Wise Reasoning. Psychological Science, 25(8), 1571-1580. Três estudos, N total = 693 (inclui adultos de 20-40 e de 60-80 anos). Estudo 1: raciocínio sobre o outro M=0,49 (DP 0,69) vs sobre si M=-0,51 (DP 1,03); ηp²=0,25. Auto-distanciamento (3ª pessoa) elimina a assimetria: d=0,15 ",2014,,Psychological Science,,,,693,,,,,,publicada,2026-07-29,carga inicial: linha extraída do bloco Fontes do notebook; conferir campos
114,Lemlich,"Lemlich, R. (1975). Subjective Acceleration of Time with Aging. Perceptual and Motor Skills, 41, 235-238. Modelo: velocidade subjetiva ∝ √idade.",1975,,,,,,,,,,,,publicada,,carga inicial: linha extraída do bloco Fontes do notebook; conferir campos
115,Wittmann,"Wittmann, M. & Lehnhoff, S. (2005). Age Effects in Perception of Time. Survey com N=500, idades 14-94, replicado em 6 países. | Mecanismo de memória/novidade (paradoxo das férias): mais experiências novas → maior duração percebida em retrospecto.",2005,,,,,,500,,,,,,publicada,,carga inicial: linha extraída do bloco Fontes do notebook; conferir campos
116,Aronson,"Aronson, E., Willerman, B. & Floyd, J. (1966). The Effect of a Pratfall on Increasing Interpersonal Attractiveness. Psychonomic Science, 4(6), 227-228. N=48. Escore de simpatia somado (itens de −7 a +7).",1966,,Psychonomic Science,,,,48,,,,,,publicada,,carga inicial: linha extraída do bloco Fontes do notebook; conferir campos
117,Kumar,"Kumar, A. & Epley, N. (2022). A Little Good Goes an Unexpectedly Long Way: Underestimating the Positive Impact of Kindness on Recipients. Journal of Experimental Psychology: General. Experimento de campo (chocolate quente, Maggie Daley Park, Chicago): N=84 (75 doaram).",2022,,Journal of Experimental Psychology: General,,,,84,,,,,,publicada,2026-08-01,carga inicial: linha extraída do bloco Fontes do notebook; conferir campos
118,Dai,"Dai, H., Milkman, K. L. & Riis, J. (2014). The Fresh Start Effect: Temporal Landmarks Motivate Aspirational Behavior. Management Science. Idas à academia: N=11.912 alunos, 442 dias. Também: buscas por ""dieta"" no Google (3.104 dias) e 66.062 contratos de meta no stickK.",2014,,Management Science,,,,11912,,,,,,publicada,2026-07-28,carga inicial: linha extraída do bloco Fontes do notebook; conferir campos
119,Berker,"de Berker, A. O. et al. (2016). Computations of uncertainty mediate acute stress responses in humans. Nature Communications, 7, 10996. N=45. Estresse (relato, condutância da pele, pupila, cortisol) acompanha a incerteza; pico em 50%.",2016,,Nature Communications,,,,45,,,,,,publicada,,carga inicial: linha extraída do bloco Fontes do notebook; conferir campos
120,Grupe,"Grupe, D. W. & Nitschke, J. B. (2013). Uncertainty and anticipation in anxiety. Nature Reviews Neuroscience, 14, 488-501. Revisão que liga intolerância à incerteza e ansiedade.",2013,,Nature Reviews Neuroscience,,,,,,,,,,publicada,,carga inicial: linha extraída do bloco Fontes do notebook; conferir campos
121,Lang,"Lang, M., Krátký, J. & Xygalatas, D. (2020). The role of ritual behaviour in anxiety reduction. Philosophical Transactions of the Royal Society B, 375(1805). N=74. Ritual reduz a ansiedade no autorrelato e na variabilidade da frequência cardíaca (HRV).",2020,,,,,,74,,,,,,publicada,,carga inicial: linha extraída do bloco Fontes do notebook; conferir campos
122,Arkes,"Arkes, H. R. & Blumer, C. (1985). The Psychology of Sunk Cost. Organizational Behavior and Human Decision Processes, 35(1), 124-140. Experimento de campo com compradores de temporada de teatro (N≈60, três grupos de preço).",1985,,Organizational Behavior and Human Decision Processes,,,,60,,,,,,publicada,,carga inicial: linha extraída do bloco Fontes do notebook; conferir campos
123,Pluchino,"Pluchino, Biondo & Rapisarda (2018) — Talent versus Luck: The Role of Randomness in Success and Failure · Advances in Complex Systems · N=1.000 agentes · Prêmio Ig Nobel de Economia 2022",2018,,,,,,1000,,,,,,publicada,2026-08-05,carga inicial: linha extraída do bloco Fontes do notebook; conferir campos
124,Denrell,Denrell & Liu (2012) — Top performers are not the most impressive when extreme performance indicates unreliability · PNAS · âncora empírica,2012,,,,,,,,,,,,publicada,2026-08-05,carga inicial: linha extraída do bloco Fontes do notebook; conferir campos
125,Granovetter,"Granovetter (1973). The Strength of Weak Ties · American Journal of Sociology, 78(6), 1360-1380 · um dos artigos mais citados das ciências sociais",1973,,,,,,,,,,,,publicada,2026-08-06,carga inicial: linha extraída do bloco Fontes do notebook; conferir campos
126,Rajkumar,"Rajkumar, Saint-Jacques, Bojinov, Brynjolfsson & Aral (2022). A causal test of the strength of weak ties · Science, 377, 1304-1310 · ~20 milhões de pessoas no LinkedIn, ~600 mil novos empregos, teste causal",2022,,,,,,,,,,,,publicada,2026-08-06,carga inicial: linha extraída do bloco Fontes do notebook; conferir campos
127,Bravata,"Bravata et al. (2019). Prevalence, Predictors, and Treatment of Impostor Syndrome: a Systematic Review · Journal of General Internal Medicine · 62 estudos, 14.161 participantes · prevalência de 9% a 82%",2019,,"Prevalence, Predictors, and Treatment of Impostor Syndrome: a Systematic Review",,,,,,,,,,publicada,2026-08-07,carga inicial: linha extraída do bloco Fontes do notebook; conferir campos
128,Clance,"Clance & Imes (1978), origem do conceito · Chrisman et al. (1995), validação da Clance IP Scale",1978,,,,,,,,,,,,publicada,2026-08-07,carga inicial: linha extraída do bloco Fontes do notebook; conferir campos
129,Tulshyan,"Tulshyan & Burey (2021), Stop Telling Women They Have Imposter Syndrome · Harvard Business Review · a camada do ambiente",2021,,,,,,,,,,,,publicada,2026-08-07,carga inicial: linha extraída do bloco Fontes do notebook; conferir campos
130,Lorenz,"Lorenz, E. N. (1963). Deterministic Nonperiodic Flow · Journal of the Atmospheric Sciences, 20, 130-141 · a origem matemática do caos determinístico",1963,,,,,,,,,,,,publicada,2026-08-08,carga inicial: linha extraída do bloco Fontes do notebook; conferir campos
131,Lorenz,"Lorenz, E. N. (1972). Predictability: Does the Flap of a Butterfly's Wings in Brazil Set Off a Tornado in Texas? · palestra na AAAS · a imagem da borboleta",1972,,,,,,,,,,,,publicada,2026-08-08,carga inicial: linha extraída do bloco Fontes do notebook; conferir campos
132,Sarkadi,"Sarkadi, A., Kristiansson, R., Oberklaid, F. & Bremberg, S. (2008). Fathers' involvement and children's developmental outcomes: a systematic review of longitudinal studies. Acta Paediatrica, 97(2), 153-158. Revisão sistemática de 24 estudos longitudinais; 22 acharam efeitos positivos; 16 controlaram nível socioeconômico.",2008,,,,,,,,,,,,publicada,2026-08-09,carga inicial: linha extraída do bloco Fontes do notebook; conferir campos
133,Jeynes,"Jeynes, W. H. (2015). A Meta-Analysis: The Relationship between Father Involvement and Student Academic Achievement. Urban Education. Meta-análise de 66 estudos; efeito do envolvimento paterno em torno de 0,2 desvio-padrão.",2015,,,,,,,,,,,,publicada,2026-08-09,carga inicial: linha extraída do bloco Fontes do notebook; conferir campos
134,YouGov,"YouGov, 2021 — Most and least favorite day of the week — N=4.241 adultos dos EUA · 58% apontam a segunda como o pior dia",2021,,,,,,4241,,,,,,publicada,2026-08-10,carga inicial: linha extraída do bloco Fontes do notebook; conferir campos
135,Stone,"Stone, Schneider & Harter, 2012 — Day-of-week mood patterns in the United States — Journal of Positive Psychology · N=340.000 (Gallup) · humor de segunda não difere do meio de semana (efeito fim de semana)",2012,,,,,,340000,,,,,,publicada,2026-08-10,carga inicial: linha extraída do bloco Fontes do notebook; conferir campos
136,Byrne,"Byrne & Laffan, 2023 — STEMI na Irlanda (British Cardiovascular Society) — N=10.528 pacientes · +13% de chance de infarto grave na segunda",2023,,,,,,10528,,,,,,publicada,2026-08-10,carga inicial: linha extraída do bloco Fontes do notebook; conferir campos
137,Chandola,"Chandola et al., 2025 — Journal of Affective Disorders — N≈3.500 idosos · +23% de cortisol capilar em quem sente ansiedade na segunda",2025,,Journal of Affective Disorders,,,,3500,,,,,,publicada,2026-08-10,carga inicial: linha extraída do bloco Fontes do notebook; conferir campos
138,MacLaren,"MacLaren, Yammarino et al., 2020 — Testing the babble hypothesis: Speaking time predicts leader emergence in small groups — The Leadership Quarterly, 31(3) · N=256 (33 grupos) · correlação entre tempo de fala e emergência como líder: r=0,67 · quantidade importou mais que qualidade",2020,,,,,,256,,,,,,queimada,2026-08-11,carga inicial: linha extraída do bloco Fontes do notebook; conferir campos
139,Anderson,"Anderson & Kilduff, 2009 — Why do dominant personalities attain influence in face-to-face groups? The competence-signaling effects of trait dominance — Journal of Personality and Social Psychology · N=68 e N=100 · competência percebida β=0,34 · competência real: sem correlação (nota r=0,18 ns; acurácia r=0,06 ns)",2009,,,,,,68,,,,,,publicada,2026-08-11,carga inicial: linha extraída do bloco Fontes do notebook; conferir campos
140,Bottger,"Bottger, 1984 — Journal of Applied Psychology — tempo de fala previu a influência PERCEBIDA, mas a competência previu a influência REAL",1984,,,,,,,,,,,,publicada,2026-08-11,carga inicial: linha extraída do bloco Fontes do notebook; conferir campos
141,Littlepage,"Littlepage, Robison & Reddington, 1997 — Organizational Behavior and Human Decision Processes — com experiência, grupos ficam melhores em reconhecer quem de fato tem competência",1997,,,,,,,,,,,,publicada,2026-08-11,carga inicial: linha extraída do bloco Fontes do notebook; conferir campos
142,Laughlin,"Laughlin & Ellis, 1986 — Journal of Experimental Social Psychology — em tarefas com resposta demonstrável, ""a verdade vence"": a resposta correta prevalece independentemente de quem fala mais",1986,,,,,,,,,,,,publicada,2026-08-11,carga inicial: linha extraída do bloco Fontes do notebook; conferir campos
143,Zhu,"Zhu, Tao, Guo, Zhang, Wang, Zhou, Li & Zhang, 2025 — Applied Psychology: Health and Well-Being 17(2) · revisão sistemática com meta-análise de três níveis · k=19 artigos, 32 tamanhos de efeito, N=13.340 · r = 0,55, IC 95% [0,49 · 0,74]",2025,,Applied Psychology: Health and Well-Being,,,,13340,,,,,,publicada,2026-08-12,carga inicial: linha extraída do bloco Fontes do notebook; conferir campos
144,Jordan,"Jordan, 2015 — International Review of Research in Open and Distributed Learning 16(3) 129 cursos com dados de conclusão · mediana de conclusão 12,6%, variação 0,7% a 52,1%",2015,,International Review of Research in Open and Distributed Learning,,,,,,,,,,publicada,2026-08-12,carga inicial: linha extraída do bloco Fontes do notebook; conferir campos
145,Milkman,"Milkman et al., 2021 — Nature 600 · N=61.293 · 53 intervenções testadas · só 8% produziram aumento significativo nas 4 semanas seguintes ao fim do incentivo",2021,,Nature,,,,61293,,,,,,publicada,2026-08-12,carga inicial: linha extraída do bloco Fontes do notebook; conferir campos
146,Hart,"Hart, W. et al. (2009) — Feeling Validated Versus Being Correct: A Meta-Analysis of Selective Exposure to Information — Psychological Bulletin, 135(4) — 91 estudos, N ≈ 7.930, d = 0,36",2009,,,,,,7930,,,,,,publicada,2026-08-13,carga inicial: linha extraída do bloco Fontes do notebook; conferir campos
147,Festinger,"Festinger, L. (1957) — A Theory of Cognitive Dissonance — Stanford University Press",1957,,,,,,,,,,,,publicada,2026-08-13,carga inicial: linha extraída do bloco Fontes do notebook; conferir campos
148,Layton,"Layton, Barnett, Hicks & Jena, 2018 — New England Journal of Medicine 379(22), 2122-2130. Estudo observacional com base em dados de sinistro de plano de saúde. N=407.846 crianças nascidas entre 2007 e 2009, seguidas até dezembro de 2015. Diagnóstico por códigos CID-9. Desenho quase experimental com três conjuntos de testes de falsificação pré-especificados.",2018,,New England Journal of Medicine,,,,407846,,,,,,queimada,2026-08-14,carga inicial: linha extraída do bloco Fontes do notebook; conferir campos
149,Frisira,"Frisira, Holland & Sayal, 2024 — European Child & Adolescent Psychiatry. Revisão sistemática com meta-análise, 32 estudos. RR combinado de 1,38 [1,36 · 1,52] para diagnóstico e 1,28 [1,21 · 1,36] para medicação. I² = 99%.",2024,,,,,,,,,,,,publicada,2026-08-14,carga inicial: linha extraída do bloco Fontes do notebook; conferir campos
150,Morrow,"Morrow et al., 2012 — CMAJ. N=937.943 crianças canadenses de 6 a 12 anos.",2012,,,,,,937943,,,,,,publicada,2026-08-14,carga inicial: linha extraída do bloco Fontes do notebook; conferir campos
151,Hu,"Hu, Faraone & Morgan, 2026 — Journal of Attention Disorders. N=11.410, coorte ECLS-K. Não encontrou o efeito. Ver limitações.",2026,,Journal of Attention Disorders,,,,11410,,,,,,publicada,2026-08-14,carga inicial: linha extraída do bloco Fontes do notebook; conferir campos
152,Epley,"Epley, N. & Dunning, D., 2000 · Journal of Personality and Social Psychology 79(6), 861-875 · Estudo 2, eleição presidencial · 90% previram que votariam, colegas previram 67%, taxa real de voto 61% · N do estudo não publicado nas fontes acessíveis",2000,,Journal of Personality and Social Psychology,,,,,,,,,,publicada,2026-08-15,carga inicial: linha extraída do bloco Fontes do notebook; conferir campos
153,Epley,"Epley, N. & Dunning, D., 2006 · Personality and Social Psychology Bulletin 32(5) · estudo suplementar, N=141 eleitores elegíveis · 85% previram que votariam, 64% relataram ter votado",2006,,Personality and Social Psychology Bulletin,,,,141,,,,,,publicada,2026-08-15,carga inicial: linha extraída do bloco Fontes do notebook; conferir campos
154,Rogers,"Rogers, T. & Aida, M., 2014 · American Politics Research · sete pesquisas pré-eleitorais de três eleições com validação de voto por registro administrativo, N=29.403 · flake-out e flake-in, este último entre 29% e 56%",2014,,,,,,29403,,,,,,publicada,2026-08-15,carga inicial: linha extraída do bloco Fontes do notebook; conferir campos
155,Rogers,"Rogers, T., ten Brinke, L. & Carney, D. R., 2016 · PNAS 113(23), 6449-6453 · n=4.463 e n=3.064 · mais da metade de quem se prevê votante não vota",2016,,PNAS,,,,,,,,,,publicada,2026-08-15,carga inicial: linha extraída do bloco Fontes do notebook; conferir campos
156,Tappin,"Tappin, B. M. & McKay, R. T., 2017 · Social Psychological and Personality Science 8(6), 623-631 · N=270 · praticamente todos inflam irracionalmente as próprias qualidades morais",2017,,Social Psychological and Personality Science,,,,270,,,,,,publicada,2026-08-15,carga inicial: linha extraída do bloco Fontes do notebook; conferir campos
157,Tappin,"Tappin, B. M. & McKay, R. T., 2019 · Social Psychological and Personality Science 10(2), 135-143 · dois estudos pré-registrados, N=827 e N=825 · superioridade moral autopercebida não prevê comportamento em jogos incentivados",2019,,Social Psychological and Personality Science,,,,827,,,,,,publicada,2026-08-15,carga inicial: linha extraída do bloco Fontes do notebook; conferir campos
158,Sutin,"Sutin, A. R., Luchetti, M., Stephan, Y., Terracciano, A. e colegas, 2026 · Psychological Medicine · meta-análise de dados individuais (k=8) combinada com revisão sistemática (k=17 amostras de 14 publicações) · 25 amostras, N=488.765, 48.928 óbitos, até 32 anos de seguimento · HR = 0,76 [IC 95%: 0,70 · 0,83] · ajustado por fatores comportamentais e clínicos HR = 0,85 [0,82 · 0,89] · ajustado por de",2026,,Psychological Medicine,,,,488765,,,,,,publicada,2026-08-16,carga inicial: linha extraída do bloco Fontes do notebook; conferir campos
159,Alimujiang,"Alimujiang, A., Wiensch, A., Boss, J., Fleischer, N. L., Mondul, A. M., McLean, K., Mukherjee, B. & Pearce, C. L., 2019 · JAMA Network Open 2(5), e194270 · Health and Retirement Study · N=6.985, 57,5% mulheres, idade média 68,6 anos (DP 9,8) · HR = 2,43 [IC 95%: 1,57 · 3,75] comparando a categoria mais baixa de propósito com a mais alta · causas cardíacas, circulatórias e sanguíneas HR = 2,66 [1,6",2019,,JAMA Network Open,,,,6985,,,,,,publicada,2026-08-16,carga inicial: linha extraída do bloco Fontes do notebook; conferir campos
160,Cohen,"Cohen, R., Bavishi, C. & Rozanski, A., 2016 · Psychosomatic Medicine 78(2), 122-133 · 10 estudos prospectivos, N=136.265 · registro histórico de que a pergunta já vinha sendo medida, sem número de capa neste dia",2016,,Psychosomatic Medicine,,,,136265,,,,,,publicada,2026-08-16,carga inicial: linha extraída do bloco Fontes do notebook; conferir campos
161,Scoboria,"Scoboria, A., Wade, K. A., Lindsay, D. S., Azad, T., Strange, D., Ost, J. & Hyman, I. E., 2017 · Memory 25(2), 146-163 · mega-análise dos relatos de oito estudos de implantação, N=423 · codificação por avaliadores independentes em sete critérios · 30,4% classificados como falsa memória e outros 23% como aceitação do evento em algum grau · na condição com informação autorrelevante, procedimento de ",2017,,Memory,,,,423,,,,,,publicada,2026-08-17,carga inicial: linha extraída do bloco Fontes do notebook; conferir campos
162,Pezdek,"Pezdek, K. et al., 1997 · citado e reanalisado dentro da mega-análise · taxa de 0% quando o evento sugerido era de baixa plausibilidade e a entrevista foi conduzida por um irmão, e não por pesquisador treinado",1997,,,,,,,,,,,,publicada,2026-08-17,carga inicial: linha extraída do bloco Fontes do notebook; conferir campos
163,Brewin,"Brewin, C. R. & Andrews, B., 2017 · revisão da mesma literatura com estimativa bem mais cautelosa · a crítica de Scoboria é que a revisão agrupou estudos com definições distintas de falsa memória e calculou média simples",2017,,,,,,,,,,,,publicada,2026-08-17,carga inicial: linha extraída do bloco Fontes do notebook; conferir campos
164,Bickel,"Bickel, P. J., Hammel, E. A. & O'Connell, J. W., 1975 · Science 187(4175), 398-404 · admissões da pós-graduação de Berkeley, outono de 1973 · 12.763 candidatos a 101 departamentos · 8.442 homens com taxa de 44,2% e 4.321 mulheres com taxa de 34,6% · seis maiores departamentos com contagens célula a célula: 2.691 homens com 1.198 admitidos contra 1.835 mulheres com 557 admitidas",1975,,Science,,,,,,,,,,publicada,2026-08-18,carga inicial: linha extraída do bloco Fontes do notebook; conferir campos
165,Simpson,"Simpson, E. H., 1951 · ""The Interpretation of Interaction in Contingency Tables"" · Journal of the Royal Statistical Society, Series B 13(2), 238-241 · Tabelas 2, 3 e 4, em proporções de 52 | Pearl, J. · análise causal do exemplo de Berkeley, com departamento tratado como mediador e a conclusão de Bickel lida como efeito direto do sexo",1951,,"Journal of the Royal Statistical Society, Series B",,,,,,,,,,publicada,2026-08-18,carga inicial: linha extraída do bloco Fontes do notebook; conferir campos
166,Rekdal,"Rekdal, O. B., 2014 · Social Studies of Science 44(4), 638-654 · lendas urbanas acadêmicas, categoria à qual pertence a versão do processo judicial",2014,,Social Studies of Science,,,,,,,,,,publicada,2026-08-18,carga inicial: linha extraída do bloco Fontes do notebook; conferir campos
167,Linder,"Linder, J. A., Doctor, J. N., Friedberg, M. W., Reyes Nieva, H., Birks, C., Meeker, D. & Fox, C. R., 2014 · JAMA Internal Medicine 174(12), 2029-2031 · 21.867 consultas por infecção respiratória aguda, 204 clínicos, 23 práticas, adultos de 18 a 64 anos, maio de 2011 a setembro de 2012 · 44% resultaram em prescrição de antibiótico · razões de chances ajustadas em relação à primeira hora da sessão: ",2014,,JAMA Internal Medicine,,,,,,,,,,publicada,2026-08-19,carga inicial: linha extraída do bloco Fontes do notebook; conferir campos
168,Hsiang,"Hsiang, E. Y., Mehta, S. J., Small, D. S., Rareshide, C. A. L., Snider, C. K., Day, S. C. & Patel, M. S., 2019 · JAMA Network Open 2(5), e193403 · 33 práticas na Pensilvânia e em Nova Jersey, 2014 a 2016 · 19.254 elegíveis para rastreio de mama e 33.468 para colorretal · rastreio colorretal concluído por 28% dos pacientes atendidos na hora das 8h contra 18% dos atendidos às 17h ou depois",2019,,JAMA Network Open,,,,,,,,,,publicada,2026-08-19,carga inicial: linha extraída do bloco Fontes do notebook; conferir campos
169,Hagger,"Hagger, M. S. et al., 2016 · 23 laboratórios, N=2.141 · e Vohs, K. D. et al., 2021 · N=3.531 · falha de replicação do esgotamento do ego, usados aqui como contrapeso declarado",2016,,,,,,2141,,,,,,publicada,2026-08-19,carga inicial: linha extraída do bloco Fontes do notebook; conferir campos
170,Siebers,"Siebers, M., Biedermann, S. V., Bindila, L., Lutz, B. & Fuss, J., 2021 · Psychoneuroendocrinology 126, 105173 · N=63 praticantes regulares de exercício de resistência · duas condições, corrida e caminhada de 45 minutos em esteira · randomizados para naltrexona (n=32), bloqueador opioide central, ou placebo (n=31) · a corrida aumentou euforia e reduziu ansiedade em relação à caminhada, elevou os en",2021,,,,,,63,,,,,,publicada,2026-08-20,carga inicial: linha extraída do bloco Fontes do notebook; conferir campos
171,Fuss,"Fuss, J. et al., 2015 · PNAS · modelo animal · ansiedade reduzida e analgesia induzida pelo exercício dependem da via endocanabinoide, não da opioide",2015,,PNAS,,,,,,,,,,publicada,2026-08-20,carga inicial: linha extraída do bloco Fontes do notebook; conferir campos
172,Siebers,"Siebers, M., Canales-Romero, D. & Fuss, J., 2026 · revisão narrativa · o campo abandona a dicotomia entre endorfina e endocanabinoide e propõe uma leitura neuromoduladora integrativa | Registro de frequência: apenas 69% a 77% dos corredores de resistência relatam já ter experimentado o barato do corredor alguma vez, faixa entre estudos",2026,,,,,,,,,,,,publicada,2026-08-20,carga inicial: linha extraída do bloco Fontes do notebook; conferir campos
173,Exley,"Exley, C. L. & Kessler, J. B., 2022 · ""The Gender Gap in Self-Promotion"" · Quarterly Journal of Economics 137(3), 1345-1381 · mais de 4.000 participantes online (3.892 recrutados no Mechanical Turk e no Prolific, em sete versões e cinco ondas de coleta) e mais de 10.000 estudantes de ensino fundamental e médio | Autoavaliação de desempenho numa tarefa de matemática e ciências, escala de 0 a 100 · ",2022,,Quarterly Journal of Economics,,,,,,,,,,publicada,2026-08-21,carga inicial: linha extraída do bloco Fontes do notebook; conferir campos
174,Fendel,"Fendel, J. C., Tiersch, C., Sölder, P., Gaab, J. & Schmidt, S., 2025 · Scientific Reports · busca em oito bases até 9 de novembro de 2023 · 60 ensaios randomizados, 63 comparações, n=4.554 · efeito geral SMD = 0,35 [IC 95%: 0,26 · 0,44], p < 0,0001, I² = 53% · intervalo de predição de −0,17 a 0,87 · autorrelato k=55, n=3.919, SMD = 0,39 contra objetivo k=17, n=1.250, SMD = 0,09 (Q = 7,24, p < 0,01",2025,,Scientific Reports,,,,,,,,,,publicada,2026-08-22,carga inicial: linha extraída do bloco Fontes do notebook; conferir campos
175,Spille,"Spille, L., Fendel, J. C., Seuling, P. D., Göritz, A. S. & Schmidt, S., 2023 · Scientific Reports · amostras não clínicas · autorrelato k=13, SMD = 0,43 [0,28 · 0,58] e objetivo k=8, SMD = −0,02 [−0,25 · 0,21]",2023,,Scientific Reports,,,,,,,,,,publicada,2026-08-22,carga inicial: linha extraída do bloco Fontes do notebook; conferir campos
176,Milkie,"Milkie, M. A., Nomaguchi, K. M. & Denny, K. E., 2015 · ""Does the Amount of Time Mothers Spend With Children or Adolescents Matter?"" · Journal of Marriage and Family 77(2), 355-372 · Panel Study of Income Dynamics, Child Development Supplement · crianças de 3 a 11 anos, N=1.605, e adolescentes de 12 a 18 anos, N=778 · tempo engajado e tempo acessível medidos por diário · desfechos comportamentais, ",2015,,Journal of Marriage and Family,,,,1605,,,,,,publicada,2026-08-23,carga inicial: linha extraída do bloco Fontes do notebook; conferir campos
177,Debate,"Debate formal na mesma revista: Waldfogel (2016) e Kalil, Mayer e colegas publicaram comentários questionando o desenho e a interpretação, com réplica dos autores. Há também crítica pública apontando que a cobertura de imprensa concluiu mais do que o estudo sustenta.",2016,,,,,,,,,,,,publicada,2026-08-23,carga inicial: linha extraída do bloco Fontes do notebook; conferir campos
178,Rotenstein,"Rotenstein, L. S., Torre, M., Ramos, M. A., Rosales, R. C., Guille, C., Sen, S. & Mata, D. A., 2018 · ""Prevalence of Burnout Among Physicians: A Systematic Review"" · JAMA 320(11), 1131-1150 · 182 estudos, 109.628 indivíduos, 45 países, publicados entre 1991 e 2018 | 85,7% dos estudos (156 de 182) usaram alguma versão do Maslach Burnout Inventory | Pelo menos 142 definições únicas de critério para ",2018,,JAMA,,,,,,,,,,publicada,2026-08-24,carga inicial: linha extraída do bloco Fontes do notebook; conferir campos
179,Alentorn-Geli,"Alentorn-Geli, E., Samuelsson, K., Musahl, V., Green, C. L., Bhandari, M. & Karlsson, J., 2017 · Journal of Orthopaedic & Sports Physical Therapy 47(6), 373-390 · 25 estudos (n = 125.810) incluídos, 17 estudos (n = 114.829) meta-analisados | Prevalência de artrose de quadril e joelho: competitivos 13,3% [IC 95%: 11,6% · 15,2%], recreativos 3,5% [3,4% · 3,6%], controles sedentários 10,2% [9,9% · 10",2017,,Journal of Orthopaedic & Sports Physical Therapy,,,,,,,,,,publicada,2026-08-25,carga inicial: linha extraída do bloco Fontes do notebook; conferir campos
180,Hartshorne,"Hartshorne, J. K., Tenenbaum, J. B. & Pinker, S., 2018 · ""A critical period for second language acquisition: Evidence from 2/3 million English speakers"" · Cognition 177, 263-277 · N = 669.498 falantes nativos e não nativos de inglês · modelo computacional que estima a trajetória da capacidade de aprendizado separando idade atual, idade da primeira exposição e anos de experiência | Achado principal",2018,,Cognition,,,,669498,,,,,,publicada,2026-08-26,carga inicial: linha extraída do bloco Fontes do notebook; conferir campos
181,Slik,"van der Slik, F. e colegas, 2022 · Language Learning · reanálise dos mesmos dados · a conclusão de uma idade crítica única e nitidamente definida aos 17,4 anos se baseia em resultados artificiais · um modelo contínuo se ajusta melhor para monolíngues, bilíngues e aprendizes de imersão precoce · só para não imersão e imersão tardia o modelo descontínuo se ajusta melhor, com idades críticas de 18,6 ",2022,,,,,,,,,,,,publicada,2026-08-26,carga inicial: linha extraída do bloco Fontes do notebook; conferir campos
182,Frank,"Frank, M. C., 2018 · Trends in Cognitive Sciences 22(8), 669-671 · pede cautela com a novidade dos dados e do método",2018,,Trends in Cognitive Sciences,,,,,,,,,,publicada,2026-08-26,carga inicial: linha extraída do bloco Fontes do notebook; conferir campos
183,Yan,"Yan, K. S. & Dando, R., 2015 · ""A Crossmodal Role for Audition in Taste Perception"" · Journal of Experimental Psychology: Human Perception and Performance 41(3), 590 · cinco gostos básicos, três concentrações cada, duas sessões por participante | Condição de ruído: espectro amplo simulando cabine de avião, pico em torno de 290 Hz, a 80 a 85 decibéis, tocado por 30 minutos antes do teste e mantido ",2015,,Journal of Experimental Psychology: Human Perception and Performance,,,,,,,,,,publicada,2026-08-27,carga inicial: linha extraída do bloco Fontes do notebook; conferir campos
184,Woods,"Woods, A. T. et al., 2011 · achado convergente anterior: ruído alto reduz a sensibilidade a doce e a salgado",2011,,,,,,,,,,,,publicada,2026-08-27,carga inicial: linha extraída do bloco Fontes do notebook; conferir campos
185,Lu,"Lu, Z., Klein-Cardeña, K., Lee, S., Antonsen, T. M., Girvan, M. & Ott, E., 2016 · Chaos 26(9), 094811 · modelo matemático de células do núcleo supraquiasmático · recuperação de viagem para leste cerca de 50% mais longa que a equivalente para oeste",2016,,Chaos,,,,,,,,,,publicada,2026-08-28,carga inicial: linha extraída do bloco Fontes do notebook; conferir campos
186,Leota,"Leota, J., Hoffman, D., Czeisler, M., Mascaro, L., Drummond, S. P. A., Anderson, C., Rajaratnam, S. M. W. & Facer-Childs, E. R., 2022 · Frontiers in Physiology 13, 892681 · 11.481 jogos da NBA, dez temporadas de 2011/2012 a 2020/2021 · modelos mistos multiníveis, fator fixo de direção do jet lag e fatores aleatórios de time, adversário e horário do jogo | Resultados nos times da casa, para jet lag",2022,,Frontiers in Physiology,,,,,,,,,,publicada,2026-08-28,carga inicial: linha extraída do bloco Fontes do notebook; conferir campos
187,Literatura,"Literatura divergente: McHill e Chinoy, 2020, encontraram associação negativa para viagem a oeste na NBA; Winter e colegas, 2009, encontraram associação positiva para leste no beisebol",2020,,,,,,,,,,,,publicada,2026-08-28,carga inicial: linha extraída do bloco Fontes do notebook; conferir campos
188,SITA,"SITA · Baggage IT Insights 2025, com dados de 2024 · taxa global de 6,3 malas mal manuseadas por 1.000 passageiros, contra 6,9 em 2023 e 7,6 em 2022 · 67% de melhora desde 2007",2025,,,,,,,,,,,,publicada,2026-08-29,carga inicial: linha extraída do bloco Fontes do notebook; conferir campos
189,Total,"Total absoluto: 36,2 milhões de malas mal manuseadas em 2024, contra 36,1 milhões em 2023",2024,,,,,,,,,,,,publicada,2026-08-29,carga inicial: linha extraída do bloco Fontes do notebook; conferir campos
190,Tráfego,"Tráfego global de 5,3 bilhões de passageiros, com crescimento de 8,2% em 2024 | Composição: atrasadas 74% (contra 80% no ano anterior), perdidas ou roubadas 8%, danificadas ou saqueadas 18% (contra 15%) | Origem: transferência entre voos é o maior contribuinte, com 41% dos casos, contra 46% no ano anterior",2024,,,,,,,,,,,,publicada,2026-08-29,carga inicial: linha extraída do bloco Fontes do notebook; conferir campos
191,Melhor,"Melhor região: Ásia-Pacífico, com 3,1 por 1.000, praticamente estável desde 2007",2007,,,,,,,,,,,,publicada,2026-08-29,carga inicial: linha extraída do bloco Fontes do notebook; conferir campos
192,SITA,"SITA · Baggage IT Insights 2026 · custo estimado de US$ 260 por mala mal manuseada, substituindo a cifra de US$ 150 amplamente citada até então · custo total de US$ 6,3 bilhões",2026,,,,,,,,,,,,publicada,2026-08-29,carga inicial: linha extraída do bloco Fontes do notebook; conferir campos
193,Gable,"Gable, S. L., Gonzaga, G. C. & Strachman, A., 2006 · ""Will you be there for me when things go right? Supportive responses to positive event disclosures"" · Journal of Personality and Social Psychology 91(5), 904-917 · 79 casais em namoro · medidas de bem-estar da relação, seguidas de interações videogravadas em que os dois se revezavam discutindo eventos positivos e negativos recentes · quem contav",2006,,Journal of Personality and Social Psychology,,,,,,,,,,publicada,2026-08-30,carga inicial: linha extraída do bloco Fontes do notebook; conferir campos
194,Gable,"Gable, S. L., Reis, H. T., Impett, E. A. & Asher, E. R., 2004 · JPSP 87(2), 228-245 · quatro estudos · comunicar eventos positivos se associou a mais afeto positivo e bem-estar diário, acima e além do impacto do próprio evento e de outros eventos do dia · quando o outro respondia de forma ativa e construtiva, e não passiva ou destrutiva, os benefícios eram maiores · relações em que o parceiro resp",2004,,,,,,,,,,,,publicada,2026-08-30,carga inicial: linha extraída do bloco Fontes do notebook; conferir campos
195,Hartshorne,"Hartshorne, H. & May, M. A., 1928 · Studies in the Nature of Character: Studies in Deceit (Character Education Inquiry) · estudo comportamental com crianças em idade escolar, medindo honestidade e engano em situações reais · mesmo entre situações bastante parecidas, comportamento honesto e desonesto apareceram de forma inconsistente · algumas crianças colavam na prova mas não pegavam lembrancinhas",1928,,Studies in the Nature of Character: Studies in Deceit,,,,,,,,,,publicada,2026-08-31,carga inicial: linha extraída do bloco Fontes do notebook; conferir campos
196,Mischel,"Mischel, W., 1968 · sustenta que correlações em torno de 0,30 entre medidas do mesmo traço, e entre traço e comportamento subsequente, representariam o limite superior da consistência",1968,,,,,,,,,,,,publicada,2026-08-31,carga inicial: linha extraída do bloco Fontes do notebook; conferir campos
197,Epstein,"Epstein, S., 1979 · ""The stability of behavior"" · reanálise dos estudos clássicos · quando estabilidade temporal e consistência entre situações são separadas corretamente, as correlações entre instâncias particulares ficam na faixa de 0,2 a 0,3, mas os coeficientes agregados ficam entre 0,6 e 0,9 · registra ainda que os próprios colaboradores e sucessores de Hartshorne e May discordaram da interpr",1979,,,,,,,,,,,,publicada,2026-08-31,carga inicial: linha extraída do bloco Fontes do notebook; conferir campos
198,Fleeson,"Fleeson, W., 2001 · ""Toward a structure- and process-integrated view of personality: Traits as density distributions of states"" · JPSP 80(6), 1011-1027 · três estudos de amostragem de experiência, ao longo de duas a três semanas de vida cotidiana · a variabilidade dentro da pessoa é alta, e o indivíduo típico manifesta, regular e rotineiramente, quase todos os níveis de todos os traços · as tendên",2001,,,,,,,,,,,,publicada,2026-08-31,carga inicial: linha extraída do bloco Fontes do notebook; conferir campos
199,Brickman,"Brickman, P., Coates, D. & Janoff-Bulman, R., 1978 · ""Lottery winners and accident victims: is happiness relative?"" · Journal of Personality and Social Psychology 36(8), 917-927 · Estudo 1 com 22 grandes ganhadores de loteria, 22 controles e 29 vítimas de acidente com paralisia · Estudo 2 com 86 participantes · escala de 0 a 5",1978,,Journal of Personality and Social Psychology,,,,,,,,,,publicada,2026-09-01,carga inicial: linha extraída do bloco Fontes do notebook; conferir campos
200,Resultados,"Resultados de 1978: felicidade presente 4,00 nos ganhadores contra 3,82 nos controles; felicidade futura 4,20 contra 4,14; prazer em atividades cotidianas 3,33 contra 3,82 · nos paraplégicos, felicidade presente 2,96, futura 4,32 e prazer cotidiano 3,48",1978,,,,,,,,,,,,publicada,2026-09-01,carga inicial: linha extraída do bloco Fontes do notebook; conferir campos
201,Lindqvist,"Lindqvist, E., Östling, R. & Cesarini, D., 2020 · ""Long-Run Effects of Lottery Wealth on Psychological Well-Being"" · The Review of Economic Studies 87(6), 2703-2726 · jogadores de loteria suecos pesquisados 5 a 22 anos após o evento, com procedimentos pré-registrados e controles pareados · ganhadores de prêmios grandes têm aumento sustentado na satisfação geral com a vida, que persiste por mais de",2020,,,,,,,,,,,,publicada,2026-09-01,carga inicial: linha extraída do bloco Fontes do notebook; conferir campos
202,Östling,"Östling, R., Cesarini, D. & Lindqvist, E., 2020 · JAMA Network Open · estudo de coorte quase experimental com 3.344 indivíduos em três loterias suecas · nenhuma diferença estatisticamente significativa em hábitos de saúde ou saúde geral no longo prazo, de 5 a 22 anos",2020,,JAMA Network Open,,,,,,,,,,publicada,2026-09-01,carga inicial: linha extraída do bloco Fontes do notebook; conferir campos
203,Tversky,"Tversky, A. & Kahneman, D., 1981 · ""The Framing of Decisions and the Psychology of Choice"" · Science 211(4481), 453-458 · questionários em sala de aula, com estudantes de Stanford e da University of British Columbia · n=152 no enquadramento de ganho e n=155 no de perda, total de 307 · enquadramento de ganho: 72% escolheram o programa certo (A) e 28% o arriscado · enquadramento de perda: 22% escolh",1981,,Science,,,,,,,,,,publicada,2026-09-02,carga inicial: linha extraída do bloco Fontes do notebook; conferir campos
204,Klein,"Klein, R. A. e colegas, 2014 · ""Investigating Variation in Replicability: A 'Many Labs' Replication Project"" · Social Psychology 45(3) · 13 efeitos, 36 amostras independentes, N=6.344 · o efeito de enquadramento foi um dos replicados, com a reversão de escolhas aparecendo em 31 dos 36 laboratórios, e nenhum dos 5 restantes mostrou efeito na direção oposta",2014,,Social Psychology,,,,6344,,,,,,publicada,2026-09-02,carga inicial: linha extraída do bloco Fontes do notebook; conferir campos
205,Klein,"Klein, R. A. e colegas, 2018 · Many Labs 2 · efeito agrupado de 55 estimativas: g = 0,44, IC 95% [0,38 · 0,50]",2018,,,,,,,,,,,,publicada,2026-09-02,carga inicial: linha extraída do bloco Fontes do notebook; conferir campos
206,Contrapeso,"Contrapeso: meta-análises anteriores (Kühberger, 1998; Piñon & Gambara, 2005) situam o efeito médio na faixa de pequeno a médio, com variação ampla conforme domínio, numeracia e o quanto a decisão é de fato de alto risco",1998,,,,,,,,,,,,publicada,2026-09-02,carga inicial: linha extraída do bloco Fontes do notebook; conferir campos
207,Rohrer,"Rohrer, J. M., Egloff, B. & Schmukle, S. C., 2015 · ""Examining the effects of birth order on personality"" · PNAS 112(46), 14224-14229 · três amostras representativas nacionais: 5.240 nos Estados Unidos, 4.489 na Grã-Bretanha e 10.457 na Alemanha, total de 20.186 · análises dentro da família e entre famílias | Achado: primogênitos pontuam ligeiramente mais em inteligência medida objetivamente e em ",2015,,PNAS,,,,,,,,,,publicada,2026-09-03,carga inicial: linha extraída do bloco Fontes do notebook; conferir campos
208,Damian,"Damian, R. I. & Roberts, B. W., 2015 · estudo companheiro com cerca de 272.000 estudantes americanos do Project Talent · o efeito médio da ordem de nascimento sobre personalidade equivale a uma correlação de 0,02",2015,,,,,,,,,,,,publicada,2026-09-03,carga inicial: linha extraída do bloco Fontes do notebook; conferir campos
209,Rohrer,"Rohrer, J. M. e colegas, 2017 · Psychological Science · análise de curva de especificação em traços estreitos, com pouco efeito encontrado | Trabalho posterior com o modelo HEXACO confirma a ausência de efeito, com exceção do domínio ligado a intelecto",2017,,Psychological Science,,,,,,,,,,publicada,2026-09-03,carga inicial: linha extraída do bloco Fontes do notebook; conferir campos
210,Jakubowski,"Jakubowski, K., Eerola, T., Tillmann, B., Perrin, F. & Heine, L., 2020 · ""A Cross-Sectional Study of Reminiscence Bumps for Music-Related Memories in Adulthood"" · Music & Science · N=470 participantes, de 18 a 82 anos · viram título e artista de 111 canções populares que estiveram nas paradas entre 1950 e 2015 e avaliaram, para cada uma, o quanto ela evocava memórias autobiográficas, o quanto conh",2020,,Music & Science,,,,470,,,,,,publicada,2026-09-05,carga inicial: linha extraída do bloco Fontes do notebook; conferir campos
211,Krumhansl,"Krumhansl, C. L. & Zupnick, J. A., 2013 · pico em cascata · além do pico da própria adolescência, aparece um segundo pico na época em que os pais do participante eram adolescentes | Trabalho recente comparando tipos de pista encontra que pistas musicais produzem um pico significativamente mais pronunciado que pistas de filmes",2013,,,,,,,,,,,,publicada,2026-09-05,carga inicial: linha extraída do bloco Fontes do notebook; conferir campos
212,Diaconis,"Diaconis, P. & Mosteller, F., 1989 · ""Methods for Studying Coincidences"" · Journal of the American Statistical Association 84(408), 853-861 · desenvolvem uma versão do problema do aniversário geral o bastante para incluir dependência, não homogeneidade e coincidências aproximadas ou múltiplas, e revisam as técnicas de Fisher para dar crédito parcial a correspondências próximas | Os quatro princípi",1989,,Journal of the American Statistical Association,,,,,,,,,,publicada,2026-09-06,carga inicial: linha extraída do bloco Fontes do notebook; conferir campos
213,Oreopoulos,"Oreopoulos, P., von Wachter, T. & Heisz, A. (2012) - The Short- and Long-Term Career Effects of Graduating in a Recession - American Economic Journal: Applied Economics, 4(1), 1-29 - base pareada universidade-empregador-empregado cobrindo cerca de 70% dos formados universitários canadenses de 1976 a 1995, com registros fiscais e de folha de 1982 a 1999. Fonte central. N individual único não é publ",2012,,,,,,,,,,,,publicada,2026-09-07,carga inicial: linha extraída do bloco Fontes do notebook; conferir campos
214,Bloom,"Bloom, N., Liang, J., Roberts, J. & Ying, Z. J. (2015) - Does Working from Home Work? Evidence from a Chinese Experiment - Quarterly Journal of Economics, 130(1), 165-218 - call center da Ctrip (Xangai), 2010-2012. Dos 996 elegíveis, 503 se voluntariaram; 249 qualificados (quarto próprio, banda larga, 6+ meses de casa) foram randomizados por aniversário: 131 em casa, 118 no escritório, 9 meses. Fo",2015,,,,,,,,,,,,publicada,2026-09-08,carga inicial: linha extraída do bloco Fontes do notebook; conferir campos
215,Delgado,"Delgado, P., Vargas, C., Ackerman, R. & Salmerón, L. (2018) - Don't throw away your printed books: A meta-analysis on the effects of reading media on reading comprehension - Educational Research Review, 25, 23-38 - 54 estudos, 76 comparações, N=171.055, publicados de 2000 a 2017. Modelo de efeitos aleatórios com ajuste de Knapp-Hartung. Vantagem do papel: g=-0,21 [IC 95%: -0,28, -0,14] entre parti",2018,,,,,,171055,,,,,,publicada,2026-09-09,carga inicial: linha extraída do bloco Fontes do notebook; conferir campos
216,Kong,"Kong, Y., Seo, Y. S. & Zhai, L. (2018) - Computers & Education, 123 - meta-análise independente, 17 estudos - mesma estimativa pontual: -0,21. Apoio.",2018,,,,,,,,,,,,publicada,2026-09-09,carga inicial: linha extraída do bloco Fontes do notebook; conferir campos
217,Kong,"Kong, Y., Seo, Y. S. & Zhai, L. (2018) - Computers & Education, 123 - meta-análise independente, 17 estudos - mesma estimativa pontual: -0,21. Apoio.",2018,,,,,,,,,,,,publicada,2026-09-09,carga inicial: linha extraída do bloco Fontes do notebook; conferir campos
218,Feld,"Feld, S. L. (1991) - Why Your Friends Have More Friends Than You Do - American Journal of Sociology, 96(6), 1464-1477 - dados de Coleman (1961), The Adolescent Society, 12 escolas. Marketville, meninas: N=146 com amizades mútuas; 80 abaixo da média dos amigos, 41 acima, 25 empatadas; médias 2,7 (indivíduos) contra 3,4 (amigos); 74% abaixo da média geral de amigos-de-amigos. Equação: média de amigo",1991,,,,,,146,,,,,,publicada,2026-09-10,carga inicial: linha extraída do bloco Fontes do notebook; conferir campos
219,Ugander,"Ugander, J., Karrer, B., Backstrom, L. & Marlow, C. (2011) - The Anatomy of the Facebook Social Graph - N=721 milhões de usuários: 92,7% abaixo da média dos amigos; 83,6% abaixo da mediana. Apoio moderno.",2011,,,,,,721,,,,,,publicada,2026-09-10,carga inicial: linha extraída do bloco Fontes do notebook; conferir campos
220,Ugander,"Ugander, J., Karrer, B., Backstrom, L. & Marlow, C. (2011) - The Anatomy of the Facebook Social Graph - N=721 milhões de usuários: 92,7% abaixo da média dos amigos; 83,6% abaixo da mediana. Apoio moderno.",2011,,,,,,721,,,,,,publicada,2026-09-10,carga inicial: linha extraída do bloco Fontes do notebook; conferir campos
221,Gu,"Gu, Y. et al. (2025) - Psychoneuroendocrinology - meta-análise de reatividade ao estresse agudo, k=171 estudos, N=8.452. Fisiológica geral g=1,25 [1,13, 1,38]; sistema autônomo g=1,38 [1,23, 1,54]; eixo HPA/cortisol g=1,04 [0,86, 1,21]; psicológica g=0,93 [0,79, 1,09]. Correlações entre domínios fracas; cortisol × frequência cardíaca ρ=-0,22, n.s. Fonte central.",2025,,,,,,8452,,,,,,publicada,2026-09-11,carga inicial: linha extraída do bloco Fontes do notebook; conferir campos
222,Starcke,"Starcke, K. & Brand, M. (2016) - Effects of Stress on Decisions Under Uncertainty - Psychological Bulletin, 142(9), 909-933 - 32 conjuntos de dados, N=1.829. Decisão sob risco: d=0,19 (estresse psicossocial) e d=0,09 (sistêmico). Erratum de 2016 checado em 02/09/2026: corrige apenas a descrição da relação em U invertido (observada só em mulheres num estudo citado); os d não são afetados. ICs dos d",2016,,,,,,1829,,,,,,publicada,2026-09-11,carga inicial: linha extraída do bloco Fontes do notebook; conferir campos
223,Forbes,"Forbes, S. et al. (2024) - Neurobiology of Stress - desconto temporal sob estresse, k=11, N=1.097: SMD=-0,18 [-0,57, +0,20], nulo. | Reforços independentes da fenda: Sokol-Hessner et al. (2016), N=120: cortisol subiu com p=8,9×10⁻¹⁶ e a atitude ao risco ficou em IC [-0,05, +0,06]; Parslow & Rose (2022), Judgment and Decision Making 17(4), 883-936, pré-registrado, N=194 (97 por grupo, 20 escolhas c",2024,,,,,,1097,,,,,,publicada,2026-09-11,carga inicial: linha extraída do bloco Fontes do notebook; conferir campos
224,Shields,"Shields, G. S., Sazma, M. A. & Yonelinas, A. P. (2016) - Neuroscience and Biobehavioral Reviews - 51 estudos, N=2.486: a nuance de que o estresse não é inócuo (ver modelo).",2016,,,,,,2486,,,,,,publicada,2026-09-11,carga inicial: linha extraída do bloco Fontes do notebook; conferir campos
225,Starcke,"Starcke, K. & Brand, M. (2016) - Effects of Stress on Decisions Under Uncertainty - Psychological Bulletin, 142(9), 909-933 - 32 conjuntos de dados, N=1.829. Decisão sob risco: d=0,19 (estresse psicossocial) e d=0,09 (sistêmico). Erratum de 2016 checado em 02/09/2026: corrige apenas a descrição da relação em U invertido (observada só em mulheres num estudo citado); os d não são afetados. ICs dos d",2016,,,,,,1829,,,,,,publicada,2026-09-11,carga inicial: linha extraída do bloco Fontes do notebook; conferir campos
226,Forbes,"Forbes, S. et al. (2024) - Neurobiology of Stress - desconto temporal sob estresse, k=11, N=1.097: SMD=-0,18 [-0,57, +0,20], nulo. | Reforços independentes da fenda: Sokol-Hessner et al. (2016), N=120: cortisol subiu com p=8,9×10⁻¹⁶ e a atitude ao risco ficou em IC [-0,05, +0,06]; Parslow & Rose (2022), Judgment and Decision Making 17(4), 883-936, pré-registrado, N=194 (97 por grupo, 20 escolhas c",2024,,,,,,1097,,,,,,publicada,2026-09-11,carga inicial: linha extraída do bloco Fontes do notebook; conferir campos
227,Shields,"Shields, G. S., Sazma, M. A. & Yonelinas, A. P. (2016) - Neuroscience and Biobehavioral Reviews - 51 estudos, N=2.486: a nuance de que o estresse não é inócuo (ver modelo).",2016,,,,,,2486,,,,,,publicada,2026-09-11,carga inicial: linha extraída do bloco Fontes do notebook; conferir campos
228,Nawijn,"Nawijn, J., Marchand, M. A., Veenhoven, R. & Vingerhoets, A. J. (2010) - Vacationers Happier, but Most not Happier After a Holiday - Applied Research in Quality of Life, 5(1), 35-47, acesso aberto - desenho pré/pós com N=1.530 holandeses (974 viajantes, 556 não viajantes). Pré-viagem: viajantes M=2,25 (EP=0,08) contra M=2,07 (EP=0,09) dos que ficaram, F(3,531)=3,39, p=0,018, η²=0,02. Pós-viagem: s",2010,,,,,,1530,,,,,,publicada,2026-09-12,carga inicial: linha extraída do bloco Fontes do notebook; conferir campos
229,Rozanski,"Rozanski, A., Bavishi, C., Kubzansky, L. D. & Cohen, R. (2019) - Association of Optimism With Cardiovascular Events and All-Cause Mortality - JAMA Network Open, 2(9) - meta-análise de 15 estudos, N=229.391. Eventos cardiovasculares: RR=0,65 [0,51, 0,78]; mortalidade por todas as causas: RR=0,86 [0,80, 0,92]. Fonte central. Colisão declarada (modelo #013): Cohen, Bavishi e Rozanski, os três, assina",2019,,,,,,229391,,,,,,publicada,2026-09-13,carga inicial: linha extraída do bloco Fontes do notebook; conferir campos
230,Lee,"Lee, L. O. et al. (2019) - Optimism is associated with exceptional longevity in 2 epidemiologic cohorts - PNAS, 116(37) | 69.744 mulheres (Nurses' Health Study, 10 anos) e 1.429 homens (Normative Aging Study, 30 anos). Quartil mais otimista: vida 14,9% [11,9, 18,0] mais longa (mulheres), achados similares nos homens (faixa geral 11 a 15%); odds de chegar aos 85 anos: 1,5 (mulheres) e 1,7 (homens),",2019,,,,,,,,,,,,publicada,2026-09-13,carga inicial: linha extraída do bloco Fontes do notebook; conferir campos
231,Lee,"Lee, L. O. et al. (2019) - Optimism is associated with exceptional longevity in 2 epidemiologic cohorts - PNAS, 116(37) | 69.744 mulheres (Nurses' Health Study, 10 anos) e 1.429 homens (Normative Aging Study, 30 anos). Quartil mais otimista: vida 14,9% [11,9, 18,0] mais longa (mulheres), achados similares nos homens (faixa geral 11 a 15%); odds de chegar aos 85 anos: 1,5 (mulheres) e 1,7 (homens),",2019,,,,,,,,,,,,publicada,2026-09-13,carga inicial: linha extraída do bloco Fontes do notebook; conferir campos
232,Bernstein,"Bernstein, E. S. & Turban, S. (2018) - The impact of the 'open' workspace on human collaboration - Philosophical Transactions of the Royal Society B, 373(1753), 20170239 - dois estudos de campo em sedes Fortune 500, crachás sociométricos (infravermelho, microfone sem conteúdo, acelerômetro, Bluetooth) + logs de e-mail e mensageiro dos servidores. Estudo 1: N=52, 3 semanas antes + 3 depois: convers",2018,,,,,,52,,,,,,publicada,2026-09-14,carga inicial: linha extraída do bloco Fontes do notebook; conferir campos
233,Galatzer-Levy,"Galatzer-Levy, I. R., Huang, S. H. & Bonanno, G. A. (2018) - Trajectories of resilience and dysfunction following potential trauma: A review and statistical evaluation - Clinical Psychology Review, 63, 41-55 - 54 estudos, 67 amostras (2004-2016), todos longitudinais, após eventos potencialmente traumáticos. Resiliente 65,7% [61,6, 69,8] (presente em 63 das 67 amostras); recuperação 20,8% [16,2, 25",2018,,,,,,,,,,,,publicada,2026-09-15,carga inicial: linha extraída do bloco Fontes do notebook; conferir campos
234,Schäfer,"Schäfer, S. K., Kunzler, A. M., Kalisch, R., Tüscher, O. & Lieb, K. (2022) - Trajectories of resilience and mental distress to global major disruptions - Trends in Cognitive Sciences, 26(12), 1171-1189, acesso aberto - 28 estudos pandêmicos: resiliente 66,0% (variação entre estudos: 29,0 a 88,9%); recuperação menor que fora da pandemia (13,0%); idosos mais resilientes, jovens mais afetados. Apoio.",2022,,,,,,,,,,,,publicada,2026-09-15,carga inicial: linha extraída do bloco Fontes do notebook; conferir campos
235,Schäfer,"Schäfer, S. K., Kunzler, A. M., Kalisch, R., Tüscher, O. & Lieb, K. (2022) - Trajectories of resilience and mental distress to global major disruptions - Trends in Cognitive Sciences, 26(12), 1171-1189, acesso aberto - 28 estudos pandêmicos: resiliente 66,0% (variação entre estudos: 29,0 a 88,9%); recuperação menor que fora da pandemia (13,0%); idosos mais resilientes, jovens mais afetados. Apoio.",2022,,,,,,,,,,,,publicada,2026-09-15,carga inicial: linha extraída do bloco Fontes do notebook; conferir campos
236,Song,"Song, C., Qu, Z., Blumm, N. & Barabási, A.-L. (2010) - Limits of Predictability in Human Mobility - Science, 327(5968), 1018-1021 - trajetórias anonimizadas de 50.000 usuários de celular (base de 10 milhões), 3 meses. Entropia real típica S ≈ 0,8 bit; teto de previsibilidade Π = 93% via desigualdade de Fano; previsibilidade quase independente da distância percorrida. Fonte central.",2010,,,,,,,,,,,,publicada,2026-09-16,carga inicial: linha extraída do bloco Fontes do notebook; conferir campos
237,Lu,"Lu, X., Wetter, E., Bharti, N., Tatem, A. J. & Bengtsson, L. (2013) - Approaching the limit of predictability in human mobility - Scientific Reports, 3, 2923 - N=500.000 (Costa do Marfim): teto ~88%, cadeias de Markov realizam ~87%. Apoio: o teto é alcançável.",2013,,,,,,500000,,,,,,publicada,2026-09-16,carga inicial: linha extraída do bloco Fontes do notebook; conferir campos
238,Lu,"Lu, X. et al. (PNAS) - Haiti pós-terremoto de 2010: teto de 85% mesmo após o desastre. Apoio. | Smith, G. et al. - com restrições espaciais de alcance, teto mais apertado: 81 a 85%. Contraponto declarado.",2010,,,,,,,,,,,,publicada,2026-09-16,carga inicial: linha extraída do bloco Fontes do notebook; conferir campos
239,Lu,"Lu, X., Wetter, E., Bharti, N., Tatem, A. J. & Bengtsson, L. (2013) - Approaching the limit of predictability in human mobility - Scientific Reports, 3, 2923 - N=500.000 (Costa do Marfim): teto ~88%, cadeias de Markov realizam ~87%. Apoio: o teto é alcançável.",2013,,,,,,500000,,,,,,publicada,2026-09-16,carga inicial: linha extraída do bloco Fontes do notebook; conferir campos
240,Lu,"Lu, X. et al. (PNAS) - Haiti pós-terremoto de 2010: teto de 85% mesmo após o desastre. Apoio. | Smith, G. et al. - com restrições espaciais de alcance, teto mais apertado: 81 a 85%. Contraponto declarado.",2010,,,,,,,,,,,,publicada,2026-09-16,carga inicial: linha extraída do bloco Fontes do notebook; conferir campos
241,Nieuwenstein,"Nieuwenstein, M. R., Wierenga, T., Morey, R. D., Wicherts, J. M., Blom, T. N., Wagenmakers, E.-J. & van Rijn, H. (2015) - On making the right choice: A meta-analysis and large-scale replication attempt of the unconscious thought advantage - Judgment and Decision Making, 10(1), 1-17, acesso aberto - meta com critérios estritos: 61 efeitos, 31 estudos, 45 não significativos; corrigida por viés de pu",2015,,,,,,399,,,,,,publicada,2026-09-17,carga inicial: linha extraída do bloco Fontes do notebook; conferir campos
242,Strick,"Strick, M., Dijksterhuis, A. et al. (2011) - Social Cognition - a meta dos proponentes, 92 estudos: g=0,224 [0,145, 0,303]. O outro lado, declarado.",2011,,,,,,,,,,,,publicada,2026-09-17,carga inicial: linha extraída do bloco Fontes do notebook; conferir campos
243,Dijksterhuis,"Dijksterhuis, A. et al. (2006) - Science - a origem: experimentos fundadores com d=0,69 e amostras minúsculas (ex.: N=30). | Vlaev, I. et al. - meta em decisão médica: efeito nulo também entre profissionais. Apoio.",2006,,,,,,30,,,,,,publicada,2026-09-17,carga inicial: linha extraída do bloco Fontes do notebook; conferir campos
244,Strick,"Strick, M., Dijksterhuis, A. et al. (2011) - Social Cognition - a meta dos proponentes, 92 estudos: g=0,224 [0,145, 0,303]. O outro lado, declarado.",2011,,,,,,,,,,,,publicada,2026-09-17,carga inicial: linha extraída do bloco Fontes do notebook; conferir campos
245,Dijksterhuis,"Dijksterhuis, A. et al. (2006) - Science - a origem: experimentos fundadores com d=0,69 e amostras minúsculas (ex.: N=30). | Vlaev, I. et al. - meta em decisão médica: efeito nulo também entre profissionais. Apoio.",2006,,,,,,30,,,,,,publicada,2026-09-17,carga inicial: linha extraída do bloco Fontes do notebook; conferir campos
246,Nguyen,"Nguyen, A.-M. D. & Benet-Martínez, V. (2013) - Biculturalism and adjustment: A meta-analysis - Journal of Cross-Cultural Psychology, 44(1), 122-159 - 83 estudos, 322 correlações, N=23.197. Efeitos aleatórios: r=0,51 [0,48, 0,54]; análise alternativa de efeitos fixos: r=0,10 (1% da variância). Biculturalismo mais associado a ajustamento do que qualquer cultura sozinha. Fonte central.",2013,,,,,,23197,,,,,,publicada,2026-09-18,carga inicial: linha extraída do bloco Fontes do notebook; conferir campos
247,Stogianni,"Stogianni, M., Bender, M., Sleegers, W., Benet-Martínez, V. & Nguyen, A.-M. (2021) - An updated meta-analysis - 90 estudos novos, incluindo não-publicados: r=0,12, pequeno. A atualização honesta, com os autores originais na equipe.",2021,,,,,,,,,,,,publicada,2026-09-18,carga inicial: linha extraída do bloco Fontes do notebook; conferir campos
248,Yoon,"Yoon, E. et al. (2013) - Journal of Counseling Psychology - 325 estudos: r=0,10 com saúde mental positiva, r=-0,10 com negativa. Apoio independente da direção.",2013,,,,,,,,,,,,publicada,2026-09-18,carga inicial: linha extraída do bloco Fontes do notebook; conferir campos
249,Bierwiaczonek,"Bierwiaczonek, K. & Kunst, J. R. (2021) - re-análise e meta longitudinal: efeito pode não diferir de zero; resposta de Grigoryev et al. (2023). O desafio, declarado. | Contexto histórico: a tese do ""homem marginal"" (Stonequist, 1937), a previsão que os dados enterraram.",2021,,,,,,,,,,,,publicada,2026-09-18,carga inicial: linha extraída do bloco Fontes do notebook; conferir campos
250,Stogianni,"Stogianni, M., Bender, M., Sleegers, W., Benet-Martínez, V. & Nguyen, A.-M. (2021) - An updated meta-analysis - 90 estudos novos, incluindo não-publicados: r=0,12, pequeno. A atualização honesta, com os autores originais na equipe.",2021,,,,,,,,,,,,publicada,2026-09-18,carga inicial: linha extraída do bloco Fontes do notebook; conferir campos
251,Yoon,"Yoon, E. et al. (2013) - Journal of Counseling Psychology - 325 estudos: r=0,10 com saúde mental positiva, r=-0,10 com negativa. Apoio independente da direção.",2013,,,,,,,,,,,,publicada,2026-09-18,carga inicial: linha extraída do bloco Fontes do notebook; conferir campos
252,Bierwiaczonek,"Bierwiaczonek, K. & Kunst, J. R. (2021) - re-análise e meta longitudinal: efeito pode não diferir de zero; resposta de Grigoryev et al. (2023). O desafio, declarado. | Contexto histórico: a tese do ""homem marginal"" (Stonequist, 1937), a previsão que os dados enterraram.",2021,,,,,,,,,,,,publicada,2026-09-18,carga inicial: linha extraída do bloco Fontes do notebook; conferir campos
253,Damisch,"Damisch, L., Stoberock, B. & Mussweiler, T. (2010) - Keep your fingers crossed! How superstition improves performance - Psychological Science, 21(7), 1014-1020 - Experimento 1: N=28, 10 tacadas de 100 cm; bola ""de sorte"" 65% vs controle 48% (6,4 vs 4,8 de 10); d=0,83 [0,05, 1,60], p=0,042. A origem.",2010,,,,,,28,,,,,,publicada,2026-09-19,carga inicial: linha extraída do bloco Fontes do notebook; conferir campos
254,Calin-Jageman,"Calin-Jageman, R. J. & Caldwell, T. L. (2014) - Social Psychology, 45(3), 239-245, acesso aberto - duas replicações pré-registradas (N=124 e N=120), com cooperação da autora original: desempenho quase idêntico ao controle nas duas; objeções checadas e descartadas; heterogeneidade significativa na mini-meta. Fonte central.",2014,,,,,,124,,,,,,publicada,2026-09-19,carga inicial: linha extraída do bloco Fontes do notebook; conferir campos
255,Ly,"Ly, A., Etz, A., Marsman, M. & Wagenmakers, E.-J. (2019) - Behavior Research Methods - Bayes factor de replicação: BF = 0,175, dados da réplica ~5,7x mais prováveis sob o nulo. O árbitro formal.",2019,,,,,,,,,,,,publicada,2026-09-19,carga inicial: linha extraída do bloco Fontes do notebook; conferir campos
256,Dickhäuser,"Dickhäuser, O. et al. (2020) - duas replicações pré-registradas do experimento dos anagramas do mesmo grupo: efeitos perto de zero. A queda do império.",2020,,,,,,,,,,,,publicada,2026-09-19,carga inicial: linha extraída do bloco Fontes do notebook; conferir campos
257,Ly,"Ly, A., Etz, A., Marsman, M. & Wagenmakers, E.-J. (2019) - Behavior Research Methods - Bayes factor de replicação: BF = 0,175, dados da réplica ~5,7x mais prováveis sob o nulo. O árbitro formal.",2019,,,,,,,,,,,,publicada,2026-09-19,carga inicial: linha extraída do bloco Fontes do notebook; conferir campos
258,Dickhäuser,"Dickhäuser, O. et al. (2020) - duas replicações pré-registradas do experimento dos anagramas do mesmo grupo: efeitos perto de zero. A queda do império.",2020,,,,,,,,,,,,publicada,2026-09-19,carga inicial: linha extraída do bloco Fontes do notebook; conferir campos
259,Fleg,"Fleg, Morrell, Bos, Brant, Talbot, Wright & Lakatta, 2005 Accelerated longitudinal decline of aerobic capacity in healthy older adults — Circulation, 112(5), 674-682 Baltimore Longitudinal Study of Aging: N=810 (375 mulheres, 435 homens), 21 a 87 anos, VO₂pico medido em série na mesma pessoa, seguimento mediano de 7,9 anos, sem doença cardíaca Declínio ACELERA: de 3-6% por década (20-30 anos) para",2005,,,,,,810,,,,,,publicada,2026-09-20,carga inicial: linha extraída do bloco Fontes do notebook; conferir campos
260,Kodama,"Kodama et al., 2009 — JAMA, 301(19) — 33 coortes saudáveis, N=102.980: cada 1 MET a mais, RR=0,87 [0,84, 0,90]; grupo baixo começa abaixo de 7,9 METs (27,7 ml/kg/min)",2009,,,,,,102980,,,,,,publicada,2026-09-20,carga inicial: linha extraída do bloco Fontes do notebook; conferir campos
261,Stinebrickner,"Stinebrickner, R. & Stinebrickner, T. R. (2014). A Major in Science? Initial Beliefs and Final Outcomes for College Major and Dropout. Review of Economic Studies, 81(1), 426-472. Números conferidos na versão NBER Working Paper 19165 (2013). Berea Panel Study, turmas de 2000 e 2001, N = 655.",2014,,Review of Economic Studies,,,,655,,,,,,publicada,2026-09-21,carga inicial: linha extraída do bloco Fontes do notebook; conferir campos
262,INEP,"INEP. Indicadores de Trajetória da Educação Superior, coortes de 2011, 2013 e 2015. Cursos de Estatística (CINE 0542E01), presenciais: 33 cursos por coorte, 5.310 ingressantes.",2011,,,,,,,,,,,,publicada,2026-09-21,carga inicial: linha extraída do bloco Fontes do notebook; conferir campos
263,INEP,"INEP, mesmas coortes (2011 e 2013): todos os cursos públicos, presenciais e de bacharelado, 560.758 ingressantes, como grupo de comparação.",2011,,,,,,,,,,,,publicada,2026-09-21,carga inicial: linha extraída do bloco Fontes do notebook; conferir campos
264,Bortkiewicz,"Bortkiewicz, L. von (1898). Das Gesetz der kleinen Zahlen. Contexto histórico da Poisson.",1898,,,,,,,,,,,,publicada,2026-09-21,carga inicial: linha extraída do bloco Fontes do notebook; conferir campos
265,Norscia,"Norscia, I. & Palagi, E. (2011). Yawn Contagion and Empathy in Homo sapiens. PLoS ONE, 6(12), e28472. Observação naturalista durante um ano (2010-2011), 109 adultos (56 mulheres, 53 homens) de quatro continentes. 613 episódios registrados, 480 com bocejador identificável, contágio em 149. Só o vínculo entre as pessoas previu a ocorrência (F = 17,96, p < 0,001), a frequência e a demora da resposta.",2011,,,,,,,,,,,,publicada,2026-09-22,carga inicial: linha extraída do bloco Fontes do notebook; conferir campos
266,Bartholomew,"Bartholomew, A. J. & Cirulli, E. T. (2014). Individual Variation in Contagious Yawning Susceptibility Is Highly Stable and Largely Unexplained by Empathy or Other Known Factors. PLoS ONE, 9(3), e91773. 328 participantes viram um vídeo de três minutos de bocejos; 222 bocejaram ao menos uma vez. A suscetibilidade é estável na mesma pessoa. Empatia, inteligência e hora do dia apareciam associadas nas",2014,,,,,,,,,,,,publicada,2026-09-22,carga inicial: linha extraída do bloco Fontes do notebook; conferir campos
267,Odean,"Odean, T. (1998). Are Investors Reluctant to Realize Their Losses? The Journal of Finance, 53(5), 1775-1798. Registros de 10.000 contas de uma corretora de desconto americana, 1987 a 1993, 162.948 negócios. Ano inteiro: 13.883 ganhos realizados e 79.658 potenciais; 11.930 perdas realizadas e 110.348 potenciais.",1998,,,,,,,,,,,,publicada,2026-09-23,carga inicial: linha extraída do bloco Fontes do notebook; conferir campos
268,Prates,"Prates, W. R., da Costa Jr., N. C. A. & Santos, A. A. P. (2019). Efeito Disposição: Propensão à Venda de Investidores Individuais e Institucionais. Revista Brasileira de Economia, 73(1), 97-119. Base cedida pela B3 com o mercado inteiro, janeiro de 2012 a outubro de 2014, cerca de 60 milhões de operações e 537.845 investidores cadastrados, dos quais 505.233 pessoas físicas.",2019,,,,,,,,,,,,publicada,2026-09-23,carga inicial: linha extraída do bloco Fontes do notebook; conferir campos
269,Kahneman,"Kahneman, D. & Tversky, A. (1979). Prospect Theory: An Analysis of Decision under Risk. Econometrica, 47(2), 263-291. Entra pelo achado específico da função de valor com ponto de referência, não por autoridade. Reuso de nome declarado: Kahneman já apareceu nos dias #005, #035 e #039, sempre com estudos distintos.",1979,,,,,,,,,,,,publicada,2026-09-23,carga inicial: linha extraída do bloco Fontes do notebook; conferir campos
270,Resultados,"Resultados da Mega-Sena, concursos 1 (11/03/1996) a 3.005 (07/05/2026). Cópia pública dos resultados da Caixa, em repositório no GitHub, no mesmo formato do arquivo oficial. O arquivo acompanha o notebook. | Caixa Econômica Federal, Portal Loterias. Regras vigentes: 6 dezenas de 60, chance de 1 em 50.063.860 na aposta simples de R$ 6,00, prêmio bruto de 43,79% da arrecadação, sorteios às terças, q",1996,,,,,,,,,,,,publicada,2026-09-25,carga inicial: linha extraída do bloco Fontes do notebook; conferir campos
271,Tversky,"Tversky, A. & Kahneman, D. (1971). Belief in the law of small numbers. Psychological Bulletin, 76(2), 105-110. Referência conceitual.",1971,,Psychological Bulletin,,,,,,,,,,publicada,2026-09-25,carga inicial: linha extraída do bloco Fontes do notebook; conferir campos
272,Fleurian,"de Fleurian, R. & Pearce, M. T. (2021). ""Chills in Music: A Systematic Review"". Psychological Bulletin, 147(9), 890-920. Revisão sistemática de 167 trabalhos publicados entre 1980 e 2020. É a fonte guarda-chuva: reúne as prevalências, cataloga os gatilhos e explica por que não fez meta-análise.",2021,,Psychological Bulletin,,,,,,,,,,publicada,2026-09-26,carga inicial: linha extraída do bloco Fontes do notebook; conferir campos
273,Goldstein,"Goldstein, A. (1980), N=249; Sloboda, J. (1991), N=83; Panksepp, J. (1995), N=828; Nusbaum, E. C. & Silvia, P. J. (2011), N=196; Mlejnek, R. (2013), N=186. Surveys retrospectivos de prevalência, reunidos pela revisão acima. Somados, N=1.542.",1980,,,,,,249,,,,,,publicada,2026-09-26,carga inicial: linha extraída do bloco Fontes do notebook; conferir campos
274,Nusbaum,"Nusbaum, E. C., Silvia, P. J., Beaty, R. E., Burgin, C. J., Hodges, D. A. & Kwapil, T. R. (2014). ""Listening between the notes: Aesthetic chills in everyday music listening"". Psychology of Aesthetics, Creativity, and the Arts, 8(1), 104-109. Amostragem de experiência: 106 universitários, 10 avisos por dia durante uma semana.",2014,,"Psychology of Aesthetics, Creativity, and the Arts",,,,,,,,,,publicada,2026-09-26,carga inicial: linha extraída do bloco Fontes do notebook; conferir campos
275,Bannister,"Bannister, S. & Eerola, T. (2018). ""Suppressing the Chills: Effects of Musical Manipulation on the Chills Response"". Frontiers in Psychology, 9:2046. N=24. Três peças, cada uma em versão original e em versão com o trecho de arrepio removido.",2018,,Frontiers in Psychology,,,,24,,,,,,publicada,2026-09-26,carga inicial: linha extraída do bloco Fontes do notebook; conferir campos
276,Bannister,"Bannister, S. (2020). ""A Vigilance Explanation of Musical Chills? Effects of Loudness and Brightness Manipulations"". Music & Science, 3. N=40, 34 com dados de condutância aproveitáveis. Volume e brilho manipulados em ±6 dBA numa janela de 8 segundos no pico estrutural. | Contexto genético, só neste notebook: Bignardi, G., Chamberlain, R., Kevenaar, S. T., Tamimy, Z. & Boomsma, D. I. (2022), Scient",2020,,Music & Science,,,,40,,,,,,publicada,2026-09-26,carga inicial: linha extraída do bloco Fontes do notebook; conferir campos
277,Rutledge,"Rutledge, R. B., Skandali, N., Dayan, P. & Dolan, R. J. (2014). A computational and neural model of momentary subjective well-being. PNAS, 111(33), 12252-12257. 26 participantes no laboratório (com fMRI) e 18.420 no aplicativo The Great Brain Experiment. A riqueza acumulada no jogo não prevê a felicidade do momento; a combinação de expectativas recentes e erros de previsão prevê, e a atividade do ",2014,,,,,,,,,,,,publicada,2026-09-27,carga inicial: linha extraída do bloco Fontes do notebook; conferir campos
278,Blain,"Blain, B. & Rutledge, R. B. (2020). Momentary subjective well-being depends on learning and not reward. eLife, 9:e57977. N=75. A felicidade depois de ganhar não depende do tamanho do prêmio, só da surpresa de ter ganhado; a equação explica 58% a 62% da variação do humor; fator de esquecimento γ = 0,59 a 0,63.",2020,,,,,,75,,,,,,publicada,2026-09-27,carga inicial: linha extraída do bloco Fontes do notebook; conferir campos
